{
"type": "FeatureCollection",
"name": "usa_states_boundaries",
"features": [
{ "type": "Feature", "properties": { "name": "Maryland", "name_alt": "MD", "code_hasc": "US.MD", "statefp": 24, "statefp_nu": 24, "sq_mi": 9984.97, "pers_sq_mi": 589.7, "acs_14_5yr": "0400000US24", "total_pop": 5887776, "pop_16up": 4695768, "lab_for": 68.9, "employed": 62.8, "unemp_rate": 8.0, "hh_est": 2155983, "hh_med_inc": 74149, "hh_mea_inc": 97135 }, "geometry": { "type": "Polygon", "coordinates": [ [ [ -75.297337975610105, 38.112564995590624 ], [ -75.217135317073399, 38.209749997060449 ], [ -75.136932658536693, 38.306934998530274 ], [ -75.05673, 38.40412 ], [ -75.048385179327099, 38.448764553372499 ], [ -75.21494478015785, 38.448900204007273 ], [ -75.381504380988602, 38.449035854642041 ], [ -75.548063981819354, 38.44917150527683 ], [ -75.714623582650106, 38.449307155911598 ], [ -75.751132982064306, 39.08642588963815 ], [ -75.787642381478506, 39.723544623364702 ], [ -76.007777523487846, 39.722879289298952 ], [ -76.2279126654972, 39.722213955233201 ], [ -76.448047807506555, 39.72154862116745 ], [ -76.668182949515895, 39.720883287101707 ], [ -76.881961890353324, 39.722078304598426 ], [ -77.095740831190739, 39.723273322095153 ], [ -77.309519772028167, 39.724468339591887 ], [ -77.523298712865596, 39.7256633570886 ], [ -77.700703904923614, 39.724597530672597 ], [ -77.878109096981646, 39.723531704256601 ], [ -78.055514289039678, 39.722465877840605 ], [ -78.232919481097696, 39.721400051424602 ], [ -78.391411098936857, 39.72061198583215 ], [ -78.549902716776003, 39.719823920239698 ], [ -78.781807166239844, 39.720088761955196 ], [ -79.013711615703698, 39.720353603670695 ], [ -79.245616065167553, 39.720618445386201 ], [ -79.477520514631408, 39.720883287101699 ], [ -79.485995449527209, 39.213420721995497 ], [ -79.3325164456203, 39.302846788076494 ], [ -79.161079881492, 39.418214423168095 ], [ -78.963159145814203, 39.457901923168301 ], [ -78.829291347962098, 39.562650051423802 ], [ -78.68165178090419, 39.542547919262304 ], [ -78.534012213846296, 39.5224457871008 ], [ -78.425000779926606, 39.596523952791209 ], [ -78.2324027167748, 39.672204087882704 ], [ -78.077877265113997, 39.632516587882499 ], [ -77.923351813453195, 39.592829087882301 ], [ -77.801653815405899, 39.449943752595296 ], [ -77.722795579728498, 39.322432155915109 ], [ -77.576215744018597, 39.288560867309599 ], [ -77.443407058715806, 39.213422775268597 ], [ -77.5169677734375, 39.105985641479506 ], [ -77.3058185577393, 39.045679092407198 ], [ -77.119549864859493, 38.934006777648499 ], [ -77.038599616184101, 38.982168687489207 ], [ -76.9115789456106, 38.878454087879398 ], [ -77.041235015754296, 38.789544853649794 ], [ -77.059217453002901, 38.708593368530302 ], [ -77.229621548151002, 38.614413357084203 ], [ -77.343386994317399, 38.391610849181902 ], [ -77.210578918457003, 38.337118148803697 ], [ -77.048107147216797, 38.3805027008057 ], [ -76.989894578748903, 38.239733384751901 ], [ -76.824753434061677, 38.20061503856396 ], [ -76.659612289374451, 38.161496692376005 ], [ -76.494471144687225, 38.122378346188064 ], [ -76.32933, 38.083260000000102 ], [ -76.38267875, 38.241848750000102 ], [ -76.4360275, 38.400437500000102 ], [ -76.48937625, 38.559026250000102 ], [ -76.542725, 38.717615000000102 ], [ -76.4463625, 38.93380750000005 ], [ -76.35, 39.15 ], [ -76.291435, 38.7346075 ], [ -76.23287, 38.319215 ], [ -76.105165096716092, 38.223673822357249 ], [ -75.977460193432194, 38.128132644714498 ], [ -75.849755290148295, 38.032591467071754 ], [ -75.722050386864396, 37.937050289429003 ], [ -75.609849929809599, 38.0000324249268 ], [ -75.377540634146797, 38.015379994120799 ], [ -75.297337975610105, 38.112564995590624 ] ] ] } },
{ "type": "Feature", "properties": { "name": "South Dakota", "name_alt": "SD|S.D.", "code_hasc": "US.SD", "statefp": 46, "statefp_nu": 46, "sq_mi": 76726.378, "pers_sq_mi": 10.9, "acs_14_5yr": "0400000US46", "total_pop": 834708, "pop_16up": 651429, "lab_for": 69.1, "employed": 65.4, "unemp_rate": 4.8, "hh_est": 327101, "hh_med_inc": 50338, "hh_mea_inc": 65425 }, "geometry": { "type": "Polygon", "coordinates": [ [ [ -96.77724298275885, 46.011151790951693 ], [ -97.015035315726934, 46.004336961443173 ], [ -97.252827648694989, 45.997522131934659 ], [ -97.490619981663045, 45.990707302426145 ], [ -97.7284123146311, 45.983892472917631 ], [ -97.96620464759917, 45.977077643409118 ], [ -98.20399698056724, 45.970262813900604 ], [ -98.441789313535295, 45.963447984392104 ], [ -98.644922909320627, 45.963712826107596 ], [ -98.848056505105973, 45.963977667823102 ], [ -99.051190100891318, 45.9642425095386 ], [ -99.25432369667665, 45.964507351254099 ], [ -99.457457292461982, 45.964772192969598 ], [ -99.660590888247327, 45.965037034685089 ], [ -99.863724484032673, 45.965301876400602 ], [ -100.066858079818005, 45.965566718116101 ], [ -100.323108588445251, 45.965040264462118 ], [ -100.579359097072512, 45.96451381080815 ], [ -100.835609605699759, 45.963987357154174 ], [ -101.091860114327005, 45.963460903500199 ], [ -101.348110622954252, 45.96293444984623 ], [ -101.604361131581499, 45.962407996192255 ], [ -101.860611640208759, 45.961881542538272 ], [ -102.116862148836006, 45.961355088884297 ], [ -102.355581427808374, 45.960760809912948 ], [ -102.594300706780757, 45.960166530941592 ], [ -102.833019985753126, 45.959572251970251 ], [ -103.071739264725494, 45.958977972998895 ], [ -103.310458543697877, 45.958383694027546 ], [ -103.549177822670245, 45.957789415056197 ], [ -103.787897101642614, 45.957195136084842 ], [ -104.026616380614996, 45.9566008571135 ], [ -104.052286648355988, 45.498605556818703 ], [ -104.077956916096994, 45.040610256523898 ], [ -104.065257432860989, 44.020375372893497 ], [ -104.052557949625012, 43.000140489263103 ], [ -103.881983735960588, 43.000140489263096 ], [ -103.711409522296179, 43.000140489263103 ], [ -103.540835308631785, 43.000140489263096 ], [ -103.370261094967375, 43.000140489263103 ], [ -103.199686881302966, 43.000140489263103 ], [ -103.029112667638572, 43.000140489263103 ], [ -102.858538453974163, 43.000140489263103 ], [ -102.687964240309753, 43.000140489263103 ], [ -102.517390026645344, 43.000140489263103 ], [ -102.346815812980935, 43.000140489263103 ], [ -102.176241599316526, 43.000140489263103 ], [ -102.005667385652117, 43.000140489263103 ], [ -101.835093171987708, 43.000140489263103 ], [ -101.664518958323299, 43.000140489263096 ], [ -101.493944744658904, 43.000140489263103 ], [ -101.323370530994495, 43.000140489263103 ], [ -101.152796317330086, 43.000140489263103 ], [ -100.982222103665691, 43.000140489263096 ], [ -100.811647890001282, 43.000140489263096 ], [ -100.641073676336873, 43.000140489263103 ], [ -100.470499462672464, 43.000140489263103 ], [ -100.299925249008055, 43.000140489263103 ], [ -100.129351035343646, 43.000140489263103 ], [ -99.958776821679237, 43.000140489263103 ], [ -99.788202608014842, 43.000140489263103 ], [ -99.617628394350419, 43.000140489263096 ], [ -99.447054180686024, 43.000140489263103 ], [ -99.276479967021615, 43.000140489263103 ], [ -99.105905753357206, 43.000140489263103 ], [ -98.935331539692811, 43.000140489263103 ], [ -98.764757326028402, 43.000140489263103 ], [ -98.594183112363993, 43.000140489263103 ], [ -98.465069546282749, 42.936901455245959 ], [ -98.335955980201504, 42.873662421228801 ], [ -98.152078314998974, 42.833974921228602 ], [ -97.968200649796401, 42.79428742122839 ], [ -97.881926846085193, 42.839788519861401 ], [ -97.644344448623301, 42.836093654952599 ], [ -97.465750698622543, 42.841119187992945 ], [ -97.287156948621799, 42.846144721033298 ], [ -97.157772081271048, 42.781846320154145 ], [ -97.028387213920297, 42.717547919274999 ], [ -96.891328396374149, 42.675754604658941 ], [ -96.754269578828001, 42.633961290042897 ], [ -96.708768480195005, 42.55086558691761 ], [ -96.62303727902281, 42.502728990237692 ], [ -96.455295579803405, 42.488957221031903 ], [ -96.4537194486185, 42.580502020837002 ], [ -96.615647549205107, 42.691632188480604 ], [ -96.535213182342801, 42.855679022791207 ], [ -96.483355882537893, 43.0160051539767 ], [ -96.459533047251298, 43.124499823573501 ], [ -96.587070482147709, 43.257308254563604 ], [ -96.5860111152857, 43.501246853197394 ], [ -96.452660081756505, 43.501789455736507 ], [ -96.439430915089815, 44.435763454763702 ], [ -96.469726223520894, 44.675077012707376 ], [ -96.500021531952001, 44.914390570651051 ], [ -96.530316840383108, 45.153704128594725 ], [ -96.560612148814201, 45.3930176865384 ], [ -96.735769416067512, 45.4708165553537 ], [ -96.834703945690293, 45.625329087906408 ], [ -96.78072791216151, 45.760798855159599 ], [ -96.668809678925356, 45.816622321142901 ], [ -96.556891445689203, 45.872445787126203 ], [ -96.539450649790794, 46.017966620460207 ], [ -96.77724298275885, 46.011151790951693 ] ] ] } },
{ "type": "Feature", "properties": { "name": "Wisconsin", "name_alt": "WI|Wis.", "code_hasc": "US.WI", "statefp": 55, "statefp_nu": 55, "sq_mi": 65532.683, "pers_sq_mi": 87.4, "acs_14_5yr": "0400000US55", "total_pop": 5724692, "pop_16up": 4561244, "lab_for": 67.4, "employed": 62.5, "unemp_rate": 7.2, "hh_est": 2293250, "hh_med_inc": 52738, "hh_mea_inc": 68319 }, "geometry": { "type": "Polygon", "coordinates": [ [ [ -91.21391008173552, 43.446754055345608 ], [ -91.083737148792295, 43.288004055344999 ], [ -91.173163214873412, 43.212323920253503 ], [ -91.169985114287499, 43.002233384770911 ], [ -91.129238247425306, 42.912833156905997 ], [ -91.064694383492807, 42.754083156905402 ], [ -90.901435614774698, 42.706179104170801 ], [ -90.738176846056604, 42.658275051436199 ], [ -90.640818447618699, 42.505364488284599 ], [ -90.385627305853347, 42.505364488284599 ], [ -90.130436164087996, 42.505364488284599 ], [ -89.875245022322645, 42.505364488284606 ], [ -89.620053880557293, 42.505364488284592 ], [ -89.359178331239846, 42.504834804853601 ], [ -89.098302781922399, 42.504305121422604 ], [ -88.837427232604952, 42.5037754379916 ], [ -88.576551683287505, 42.503245754560602 ], [ -88.384063432554299, 42.500997829755903 ], [ -88.191575181821094, 42.498749904951197 ], [ -87.999086931087902, 42.496501980146505 ], [ -87.806598680354696, 42.494254055341791 ], [ -87.806598680354696, 42.496889553388705 ], [ -87.648119981623609, 42.496101487796253 ], [ -87.489641282892507, 42.4953134222038 ], [ -87.264474148288755, 42.493982754072348 ], [ -87.039307013685018, 42.492652085940897 ], [ -87.079537116224202, 42.782117621423701 ], [ -87.113927781914498, 43.030293687505399 ], [ -87.155191413099502, 43.326632188483202 ], [ -87.145140347018796, 43.571087551439909 ], [ -87.141962246432797, 43.657878119474105 ], [ -87.083231981133096, 43.890189520842299 ], [ -87.032434048190197, 44.091288357106002 ], [ -86.975551215344893, 44.226486823089644 ], [ -86.918668382499604, 44.361685289073307 ], [ -86.822343512707619, 44.591335354178298 ], [ -86.714934048188894, 44.846410223971006 ], [ -86.625507982107791, 44.944039923678446 ], [ -86.536081916026703, 45.0416696233859 ], [ -86.401671515635599, 45.133214423190893 ], [ -86.264599778981406, 45.226877956719903 ], [ -86.481563279958806, 45.323176988295792 ], [ -86.627885097993243, 45.387733771336499 ], [ -86.774206916027694, 45.452290554377193 ], [ -86.944855414563548, 45.45229055437715 ], [ -87.115503913099403, 45.4522905543771 ], [ -87.244617479180604, 45.289845689467697 ], [ -87.419774746433902, 45.184012356133799 ], [ -87.4594622464341, 45.068127956719302 ], [ -87.612915412124806, 45.1104509547663 ], [ -87.613974778986801, 45.108874823581395 ], [ -87.747325812515996, 45.226877956719903 ], [ -87.673247646825615, 45.387746690444509 ], [ -87.8933892483889, 45.396712551447202 ], [ -87.847888149755903, 45.559183254572801 ], [ -87.787013312516095, 45.639617621435107 ], [ -87.875405849951406, 45.779841620459109 ], [ -88.111928880551304, 45.843351955745803 ], [ -88.166964280942096, 46.007915554379501 ], [ -88.361706916034095, 46.020627956723203 ], [ -88.644273647806003, 46.022204087908108 ], [ -88.788470272562421, 46.067181962664122 ], [ -88.932666897318853, 46.112159837420144 ], [ -89.076863522075286, 46.157137712176187 ], [ -89.221060146831704, 46.202115586932202 ], [ -89.439871080263572, 46.246835079526775 ], [ -89.658682013695454, 46.291554572121349 ], [ -89.877492947127337, 46.33627406471593 ], [ -90.096303880559205, 46.380993557310497 ], [ -90.176738247421497, 46.560879218118501 ], [ -90.333912116237201, 46.5936937526238 ], [ -90.334971483099196, 46.596871853209791 ], [ -90.396879848984895, 46.576252956725298 ], [ -90.410625779974609, 46.5841852890821 ], [ -90.395277879583801, 46.611677151061393 ], [ -90.355590379583703, 46.673068752624097 ], [ -90.298978848007906, 46.760918687520302 ], [ -90.241824713893195, 46.848226019877501 ], [ -90.185213182317398, 46.9360759547736 ], [ -90.128059048202601, 47.023900051453701 ], [ -90.071447516626804, 47.111749986349899 ], [ -90.014810146834904, 47.199599921246097 ], [ -89.957656012720093, 47.286907253603196 ], [ -90.131753913111396, 47.292746690452198 ], [ -90.305851813502798, 47.298017686545897 ], [ -90.479949713894115, 47.303857123394899 ], [ -90.654047614285403, 47.309128119488697 ], [ -90.857781948596099, 47.212829087912802 ], [ -91.060973680367795, 47.117046820659802 ], [ -91.264708014678504, 47.021264553406802 ], [ -91.4684423489892, 46.924965521830899 ], [ -91.592259080760499, 46.8762604843959 ], [ -91.716618415070897, 46.827607123393001 ], [ -91.840977749381295, 46.778385321635 ], [ -91.964794481152595, 46.72970612241599 ], [ -92.011897549186699, 46.711722723978497 ], [ -92.143388231153352, 46.683933722513537 ], [ -92.274878913120006, 46.656144721048598 ], [ -92.2648278470392, 46.095222886736408 ], [ -92.296583014682597, 46.096282253598403 ], [ -92.420141364292448, 46.040988471046106 ], [ -92.543699713902299, 45.985694688493808 ], [ -92.756968349970904, 45.889912421240801 ], [ -92.899827847041806, 45.705763454768707 ], [ -92.794524197139054, 45.612099921239704 ], [ -92.689220547236303, 45.5184363877107 ], [ -92.765417446650602, 45.267082221042998 ], [ -92.766476813512597, 44.9961426865367 ], [ -92.796655849971003, 44.776026923189498 ], [ -92.650863715367592, 44.679973354666949 ], [ -92.505071580764195, 44.583919786144399 ], [ -92.385492316440804, 44.574928086925702 ], [ -92.223822598015659, 44.503756720551699 ], [ -92.062152879590499, 44.432585354177689 ], [ -91.949989183301, 44.364837551443003 ], [ -91.879605882519499, 44.257428086924399 ], [ -91.753657497916109, 44.1714385035907 ], [ -91.627709113312704, 44.085448920257001 ], [ -91.458649665069856, 44.011370754566663 ], [ -91.289590216826994, 43.937292588876296 ], [ -91.257292446644598, 43.854739488290001 ], [ -91.254656948597699, 43.613978990242103 ], [ -91.228198615264304, 43.501246853197401 ], [ -91.21391008173552, 43.446754055345608 ] ] ] } },
{ "type": "Feature", "properties": { "name": "New Mexico", "name_alt": "NM|N.M.", "code_hasc": "US.NM", "statefp": 35, "statefp_nu": 35, "sq_mi": 121659.94, "pers_sq_mi": 17.1, "acs_14_5yr": "0400000US35", "total_pop": 2080085, "pop_16up": 1625155, "lab_for": 60.2, "employed": 53.9, "unemp_rate": 9.6, "hh_est": 764684, "hh_med_inc": 44968, "hh_mea_inc": 62136 }, "geometry": { "type": "Polygon", "coordinates": [ [ [ -108.843246186544746, 31.34194099181088 ], [ -108.642819562872504, 31.341982846306351 ], [ -108.442392939200261, 31.342024700801819 ], [ -108.241966315528003, 31.342066555297301 ], [ -108.24, 31.754853718166405 ], [ -108.023417939098252, 31.754783185356789 ], [ -107.806835878196495, 31.754712652547173 ], [ -107.590253817294752, 31.754642119737564 ], [ -107.373671756392994, 31.754571586927952 ], [ -107.157089695491237, 31.754501054118343 ], [ -106.940507634589494, 31.75443052130872 ], [ -106.723925573687751, 31.754359988499118 ], [ -106.507343512785994, 31.754289455689499 ], [ -106.619533047291995, 31.914098822552109 ], [ -106.630126715911999, 31.999287421185304 ], [ -106.403344692799124, 31.999287421185304 ], [ -106.176562669686248, 31.999287421185304 ], [ -105.949780646573373, 31.999287421185297 ], [ -105.722998623460498, 31.999287421185304 ], [ -105.496216600347623, 31.999287421185304 ], [ -105.269434577234748, 31.999287421185297 ], [ -105.042652554121872, 31.999287421185297 ], [ -104.815870531008997, 31.999287421185304 ], [ -104.589088507896122, 31.999287421185304 ], [ -104.362306484783261, 31.999287421185304 ], [ -104.135524461670371, 31.999287421185304 ], [ -103.908742438557496, 31.999287421185297 ], [ -103.681960415444621, 31.999287421185304 ], [ -103.455178392331746, 31.999287421185304 ], [ -103.228396369218871, 31.999287421185304 ], [ -103.001614346105995, 31.999287421185304 ], [ -103.001614346105995, 36.4993228215939 ], [ -103.003216315507004, 36.995158189434399 ], [ -103.152838965654013, 36.995287380515123 ], [ -103.302461615801008, 36.995416571595854 ], [ -103.452084265948002, 36.995545762676578 ], [ -103.601706916094997, 36.995674953757302 ], [ -103.751329566241992, 36.995804144838026 ], [ -103.900952216389001, 36.99593333591875 ], [ -104.05057486653601, 36.996062526999474 ], [ -104.200197516683005, 36.996191718080198 ], [ -104.412655478720012, 36.996327368714987 ], [ -104.625113440757005, 36.996463019349775 ], [ -104.837571402793998, 36.996598669984564 ], [ -105.050029364831005, 36.996734320619353 ], [ -105.262487326868012, 36.996869971254142 ], [ -105.474945288905019, 36.997005621888931 ], [ -105.687403250941998, 36.99714127252372 ], [ -105.899861212979019, 36.997276923158502 ], [ -106.09737499675262, 36.997606360414352 ], [ -106.29488878052625, 36.997935797670202 ], [ -106.492402564299894, 36.998265234926052 ], [ -106.689916348073496, 36.998594672181902 ], [ -106.887430131847125, 36.998924109437759 ], [ -107.084943915620769, 36.999253546693595 ], [ -107.282457699394371, 36.999582983949452 ], [ -107.479971483168001, 36.999912421205302 ], [ -107.675628145156125, 36.999912421205295 ], [ -107.871284807144249, 36.999912421205281 ], [ -108.066941469132374, 36.999912421205259 ], [ -108.262598131120512, 36.999912421205252 ], [ -108.458254793108622, 36.999912421205238 ], [ -108.653911455096747, 36.999912421205224 ], [ -108.849568117084871, 36.999912421205202 ], [ -109.045224779072996, 36.999912421205195 ], [ -109.043672810217004, 31.341899137315405 ], [ -108.843246186544746, 31.34194099181088 ] ] ] } },
{ "type": "Feature", "properties": { "name": "Connecticut", "name_alt": "CT|Conn.", "code_hasc": "US.CT", "statefp": 9, "statefp_nu": 9, "sq_mi": 4957.623, "pers_sq_mi": 724.6, "acs_14_5yr": "0400000US09", "total_pop": 3592053, "pop_16up": 2895925, "lab_for": 67.8, "employed": 61.000000000000007, "unemp_rate": 9.6, "hh_est": 1356206, "hh_med_inc": 69899, "hh_mea_inc": 99110 }, "geometry": { "type": "Polygon", "coordinates": [ [ [ -73.525713263630948, 41.672185370442705 ], [ -73.553489345987799, 41.289857286131308 ], [ -73.475173712849397, 41.204668687498099 ], [ -73.692679816365995, 41.107310289060401 ], [ -73.656687181274705, 40.9850696884738 ], [ -73.647886531787194, 40.954769276919897 ], [ -73.648269217142598, 40.954623463363497 ], [ -73.647886531787194, 40.953239360949496 ], [ -73.454956485824937, 41.020069318319131 ], [ -73.262026439862694, 41.086899275688751 ], [ -73.069096393900452, 41.153729233058371 ], [ -72.876166347938195, 41.220559190427998 ], [ -72.730910356319782, 41.232858181313446 ], [ -72.585654364701355, 41.245157172198901 ], [ -72.440398373082928, 41.257456163084349 ], [ -72.295142381464501, 41.269755153969804 ], [ -72.07448401557825, 41.294895738279791 ], [ -71.853825649691998, 41.320036322589793 ], [ -71.792950812452105, 41.466616522785607 ], [ -71.800908983025096, 42.013249823569105 ], [ -72.033737148716114, 42.018934231121193 ], [ -72.266565314407146, 42.02461863867331 ], [ -72.499393480098178, 42.030303046225399 ], [ -72.732221645789195, 42.035987453777501 ], [ -72.923650529660421, 42.040618954021653 ], [ -73.115079413531646, 42.045250454265798 ], [ -73.306508297402871, 42.049881954509949 ], [ -73.497937181274096, 42.054513454754108 ], [ -73.525713263630948, 41.672185370442705 ] ] ] } },
{ "type": "Feature", "properties": { "name": "Washington", "name_alt": "WA|Wash.", "code_hasc": "US.WA", "statefp": 53, "statefp_nu": 53, "sq_mi": 67277.213, "pers_sq_mi": 102.5, "acs_14_5yr": "0400000US53", "total_pop": 6899123, "pop_16up": 5488038, "lab_for": 64.7, "employed": 58.2, "unemp_rate": 8.8, "hh_est": 2645396, "hh_med_inc": 60294, "hh_mea_inc": 79195 }, "geometry": { "type": "Polygon", "coordinates": [ [ [ -117.217133971110698, 48.999407698658061 ], [ -117.402838125682393, 48.999506206857106 ], [ -117.58854228025406, 48.999604715056165 ], [ -117.77424643482577, 48.999703223255217 ], [ -117.959950589397437, 48.999801731454284 ], [ -118.145654743969132, 48.999900239653343 ], [ -118.331358898540842, 48.999998747852388 ], [ -118.517063053112508, 49.00009725605144 ], [ -118.70276720768419, 49.000195764250506 ], [ -118.888471362255885, 49.000294272449565 ], [ -119.07417551682758, 49.00039278064861 ], [ -119.259879671399261, 49.00049128884767 ], [ -119.445583825970928, 49.000589797046722 ], [ -119.631287980542638, 49.000688305245788 ], [ -119.816992135114305, 49.000786813444847 ], [ -120.002696289686, 49.000885321643906 ], [ -120.180027771580612, 49.000829989041165 ], [ -120.357359253475224, 49.000774656438431 ], [ -120.534690735369864, 49.000719323835689 ], [ -120.712022217264476, 49.000663991232948 ], [ -120.889353699159116, 49.000608658630213 ], [ -121.066685181053728, 49.000553326027479 ], [ -121.244016662948368, 49.000497993424744 ], [ -121.42134814484298, 49.000442660822003 ], [ -121.598679626737621, 49.000387328219261 ], [ -121.776011108632233, 49.000331995616534 ], [ -121.953342590526873, 49.000276663013793 ], [ -122.130674072421485, 49.000221330411051 ], [ -122.308005554316125, 49.000165997808303 ], [ -122.485337036210737, 49.000110665205575 ], [ -122.662668518105377, 49.000055332602834 ], [ -122.84, 49.0 ], [ -122.754957672277513, 48.795040055996168 ], [ -122.669915344555008, 48.590080111992243 ], [ -122.584873016832503, 48.385120167988326 ], [ -122.499830689109999, 48.180160223984402 ], [ -122.459878347394252, 47.975108140650249 ], [ -122.419926005678491, 47.770056057316097 ], [ -122.379973663962744, 47.565003973981945 ], [ -122.340021322247011, 47.359951890647793 ], [ -122.463579671856976, 47.227918606142097 ], [ -122.587138021466998, 47.095885321636402 ], [ -122.653745768783637, 47.213899656431863 ], [ -122.720353516100261, 47.331913991227324 ], [ -122.786961263416885, 47.449928326022786 ], [ -122.853569010733509, 47.567942660818247 ], [ -122.920176758050147, 47.685956995613708 ], [ -122.986784505366771, 47.803971330409169 ], [ -123.053392252683366, 47.92198566520463 ], [ -123.12, 48.04 ], [ -123.30076263427739, 48.082464370727635 ], [ -123.481525268554748, 48.124928741455179 ], [ -123.662287902832134, 48.167393112182715 ], [ -123.843050537109505, 48.209857482910252 ], [ -124.023813171386863, 48.252321853637788 ], [ -124.204575805664248, 48.294786224365325 ], [ -124.385338439941634, 48.337250595092868 ], [ -124.566101074218992, 48.379714965820398 ], [ -124.687210083007983, 48.184432983398402 ], [ -124.614325062256015, 48.068367237548834 ], [ -124.541440041503989, 47.952301491699252 ], [ -124.468555020752007, 47.836235745849677 ], [ -124.39567, 47.72017000000011 ], [ -124.31666125, 47.5063150000001 ], [ -124.2376525, 47.292460000000105 ], [ -124.15864375, 47.078605000000103 ], [ -124.079635, 46.864750000000107 ], [ -124.039155663391995, 46.57390974355225 ], [ -123.998676326784008, 46.283069487104392 ], [ -123.776703654610017, 46.282033189471598 ], [ -123.6240385545115, 46.279643154478151 ], [ -123.471373454413012, 46.277253119484698 ], [ -123.349933838526979, 46.231752020851651 ], [ -123.228494222641004, 46.186250922218598 ], [ -123.083231771468505, 46.157673855161242 ], [ -122.937969320296006, 46.129096788103908 ], [ -122.845106771467513, 46.033585822120358 ], [ -122.752244222638993, 45.938074856136801 ], [ -122.725785889305982, 45.770333156917594 ], [ -122.651707723615004, 45.630083319677297 ], [ -122.420455689109019, 45.591997789078206 ], [ -122.174915121073994, 45.595150051447902 ], [ -121.981503154113994, 45.648066718114848 ], [ -121.788091187154009, 45.7009833847818 ], [ -121.561076620094994, 45.732764390641307 ], [ -121.382482870094492, 45.711331590348252 ], [ -121.203889120094004, 45.689898790055203 ], [ -121.046741089495001, 45.637498887711097 ], [ -120.83719315655101, 45.672948920263401 ], [ -120.609635986954018, 45.75390005144861 ], [ -120.383952088027016, 45.747285468115244 ], [ -120.158268189100014, 45.740670884781899 ], [ -119.972788554496503, 45.79571920428085 ], [ -119.787308919892993, 45.850767523779801 ], [ -119.592049520478, 45.932235419287899 ], [ -119.336999681456987, 45.888336290055904 ], [ -119.157617865863983, 45.940451972022295 ], [ -118.978236050271008, 45.992567653988701 ], [ -118.720331895810375, 45.993494599992928 ], [ -118.462427741349757, 45.994421545997149 ], [ -118.204523586889096, 45.995348492001369 ], [ -117.946619432428506, 45.996275438005597 ], [ -117.688715277967873, 45.997202384009817 ], [ -117.430811123507254, 45.998129330014059 ], [ -117.17290696904665, 45.99905627601828 ], [ -116.915002814585989, 45.999983222022507 ], [ -116.906527879690017, 46.177775987322804 ], [ -116.99807267949501, 46.330169786151394 ], [ -117.012361213023496, 47.026548468608652 ], [ -117.026649746551982, 47.722927151065903 ], [ -117.031429816538989, 48.999309190459002 ], [ -117.217133971110698, 48.999407698658061 ] ] ] } },
{ "type": "Feature", "properties": { "name": "Indiana", "name_alt": "IN|Ind.", "code_hasc": "US.IN", "statefp": 18, "statefp_nu": 18, "sq_mi": 36587.805, "pers_sq_mi": 178.8, "acs_14_5yr": "0400000US18", "total_pop": 6542411, "pop_16up": 5131317, "lab_for": 64.1, "employed": 58.4, "unemp_rate": 8.8, "hh_est": 2492183, "hh_med_inc": 48737, "hh_mea_inc": 63736 }, "geometry": { "type": "Polygon", "coordinates": [ [ [ -87.921423712907298, 37.793662421208403 ], [ -87.911372646826507, 37.904249986312998 ], [ -87.782517462906696, 37.865363471013396 ], [ -87.6536622789869, 37.826476955713801 ], [ -87.439360114272503, 37.936005153956394 ], [ -87.2853772651508, 37.859808254542038 ], [ -87.131394416029096, 37.783611355127697 ], [ -87.055714280937707, 37.880969753565601 ], [ -86.825521613293503, 37.976235256495599 ], [ -86.610160081717098, 37.8587488876801 ], [ -86.499572516612503, 37.969879055323702 ], [ -86.412523566416851, 38.069627488755103 ], [ -86.3254746162212, 38.169375922186489 ], [ -86.262506883473606, 38.046618557277199 ], [ -86.059831916024805, 37.960887356104898 ], [ -85.949761115243092, 38.109844672186256 ], [ -85.839690314461393, 38.258801988267599 ], [ -85.698406948575496, 38.290014553371897 ], [ -85.566632046231206, 38.461993720039203 ], [ -85.425891282884294, 38.535038357083799 ], [ -85.404187181321703, 38.727119655912702 ], [ -85.167638312505602, 38.691127020821405 ], [ -85.011549648767996, 38.779493720040499 ], [ -84.843265347009506, 38.7810956894415 ], [ -84.799882982100499, 38.855173855132001 ], [ -84.8813767158248, 39.0594249537656 ], [ -84.823679979170905, 39.106528021799598 ], [ -84.817866380538106, 39.799741522779001 ], [ -84.809934048181304, 40.772860419267197 ], [ -84.806755947595306, 41.677740586914105 ], [ -84.807298550134405, 41.756056220052393 ], [ -85.042510291264904, 41.75486766210971 ], [ -85.277722032395403, 41.753679104166991 ], [ -85.512933773525901, 41.752490546224301 ], [ -85.748145514656414, 41.751301988281597 ], [ -86.017224697600199, 41.752490546224301 ], [ -86.286303880543997, 41.753679104166999 ], [ -86.555383063487795, 41.75486766210971 ], [ -86.824462246431594, 41.756056220052393 ], [ -86.824462246431594, 41.7608362900394 ], [ -86.998560146822911, 41.760836290039407 ], [ -87.172658047214199, 41.7608362900394 ], [ -87.346755947605502, 41.7608362900394 ], [ -87.520853847996804, 41.7608362900394 ], [ -87.5213706123197, 41.7084363876954 ], [ -87.526150682306707, 41.7084363876954 ], [ -87.528269416030696, 39.392272854157497 ], [ -87.585152248876, 39.253108221995497 ], [ -87.642035081721303, 39.113943589833497 ], [ -87.559998745457904, 39.040382188465998 ], [ -87.507082078791001, 38.869462388660693 ], [ -87.515040249364006, 38.735051988269504 ], [ -87.598652716812197, 38.674202989245806 ], [ -87.671128913101597, 38.508580023750397 ], [ -87.774843512711399, 38.399568589830643 ], [ -87.878558112321201, 38.290557155910903 ], [ -87.948683030941254, 38.156146755519757 ], [ -88.018807949561307, 38.021736355128603 ], [ -88.051079881527599, 37.819603990219001 ], [ -87.921423712907298, 37.793662421208403 ] ] ] } },
{ "type": "Feature", "properties": { "name": "Delaware", "name_alt": "DE|Del.", "code_hasc": "US.DE", "statefp": 10, "statefp_nu": 10, "sq_mi": 1958.099, "pers_sq_mi": 468.3, "acs_14_5yr": "0400000US10", "total_pop": 917060, "pop_16up": 734886, "lab_for": 63.8, "employed": 58.000000000000007, "unemp_rate": 8.5, "hh_est": 339046, "hh_med_inc": 60231, "hh_mea_inc": 78589 }, "geometry": { "type": "Polygon", "coordinates": [ [ [ -75.071834764789898, 38.782032230179297 ], [ -75.195851040581204, 38.870990025891501 ], [ -75.319867316372509, 38.959947821603699 ], [ -75.423840298143745, 39.229298305817053 ], [ -75.527813279914994, 39.498648790030394 ], [ -75.554271613248403, 39.6912468531823 ], [ -75.4055726793285, 39.795504055331094 ], [ -75.620960049120995, 39.847361355135895 ], [ -75.710902879524994, 39.802377020825901 ], [ -75.787642381478506, 39.723544623364702 ], [ -75.751132982064306, 39.08642588963815 ], [ -75.714623582650106, 38.449307155911598 ], [ -75.548063981819354, 38.44917150527683 ], [ -75.381504380988602, 38.449035854642041 ], [ -75.21494478015785, 38.448900204007273 ], [ -75.048385179327099, 38.448764553372499 ], [ -75.071834764789898, 38.782032230179297 ] ] ] } },
{ "type": "Feature", "properties": { "name": "Florida", "name_alt": "FL|Fla.", "code_hasc": "US.FL", "statefp": 12, "statefp_nu": 12, "sq_mi": 56371.885, "pers_sq_mi": 343.5, "acs_14_5yr": "0400000US12", "total_pop": 19361792, "pop_16up": 15817611, "lab_for": 59.5, "employed": 52.7, "unemp_rate": 10.9, "hh_est": 7217508, "hh_med_inc": 47212, "hh_mea_inc": 67143 }, "geometry": { "type": "Polygon", "coordinates": [ [ [ -87.247808498874662, 30.305689246129706 ], [ -86.965228847994609, 30.337179572057597 ], [ -86.682649197114571, 30.368669897985498 ], [ -86.400069546234505, 30.400160223913399 ], [ -86.243327159675886, 30.338272667935019 ], [ -86.086584773117252, 30.27638511195665 ], [ -85.929842386558619, 30.214497555978284 ], [ -85.7731, 30.15261 ], [ -85.651785, 30.035987499999951 ], [ -85.53047, 29.919365 ], [ -85.409155, 29.802742500000054 ], [ -85.28784, 29.68612 ], [ -85.10882, 29.636150000000104 ], [ -84.856564128906598, 29.749624988432519 ], [ -84.604308257813187, 29.863099976864952 ], [ -84.352052386719791, 29.976574965297374 ], [ -84.099796515626394, 30.0900499537298 ], [ -83.90469325781315, 30.013304976864951 ], [ -83.70959, 29.936560000000103 ], [ -83.612141249999908, 29.83199 ], [ -83.51469249999991, 29.72742 ], [ -83.417243749999898, 29.622850000000103 ], [ -83.319795, 29.518280000000104 ], [ -83.222346249999902, 29.41371 ], [ -83.124897499999889, 29.309140000000102 ], [ -83.027448749999891, 29.20457 ], [ -82.929999999999893, 29.1 ], [ -82.789942508298495, 28.825084893040199 ], [ -82.649885016597096, 28.5501697860803 ], [ -82.752572508298556, 28.218204893040156 ], [ -82.85526, 27.88624 ], [ -82.780205, 27.69064 ], [ -82.70515, 27.495040000000103 ], [ -82.588807712482122, 27.303740405095819 ], [ -82.472465424964355, 27.112440810191551 ], [ -82.356123137446588, 26.921141215287271 ], [ -82.239780849928806, 26.729841620383002 ], [ -82.10735353262686, 26.514867662048825 ], [ -81.974926215324899, 26.299893703714648 ], [ -81.842498898022953, 26.084919745380475 ], [ -81.710071580721007, 25.869945787046301 ], [ -81.520096096508013, 25.754849453224207 ], [ -81.330120612295005, 25.639753119402101 ], [ -81.2510169135642, 25.420425421647252 ], [ -81.171913214833396, 25.201097723892399 ], [ -80.925855882475645, 25.140507107030199 ], [ -80.679798550117894, 25.079916490168003 ], [ -80.530414275058945, 25.143038245083996 ], [ -80.38103, 25.20616 ], [ -80.256295, 25.511467500000052 ], [ -80.131559999999894, 25.816775000000103 ], [ -80.088015, 26.205765 ], [ -80.056539284977603, 26.88 ], [ -80.174914526067198, 27.170017930731827 ], [ -80.293289767156807, 27.460035861463652 ], [ -80.411665008246402, 27.750053792195473 ], [ -80.530040249335997, 28.040071722927301 ], [ -80.535585, 28.47213 ], [ -80.64664672900112, 28.649072197497276 ], [ -80.757708458002242, 28.826014394994552 ], [ -80.868770187003378, 29.002956592491827 ], [ -80.9798319160045, 29.1798987899891 ], [ -81.063301437003375, 29.393804092491848 ], [ -81.14677095800225, 29.607709394994604 ], [ -81.230240479001125, 29.821614697497349 ], [ -81.31371, 30.03552 ], [ -81.40209129084829, 30.38267501185965 ], [ -81.490472581696594, 30.729830023719209 ], [ -81.701596645825106, 30.748330186479802 ], [ -81.899517381502903, 30.821891587847304 ], [ -82.020156012688304, 30.7880176864799 ], [ -82.022817348951307, 30.440364488236401 ], [ -82.151930915032594, 30.3509384221551 ], [ -82.226009080723003, 30.5255530868695 ], [ -82.42874541393509, 30.544272874467232 ], [ -82.631481747147177, 30.562992662064957 ], [ -82.834218080359264, 30.581712449662675 ], [ -83.036954413571365, 30.600432237260399 ], [ -83.239690746783438, 30.619152024858124 ], [ -83.442427079995525, 30.637871812455849 ], [ -83.645163413207612, 30.656591600053574 ], [ -83.847899746419699, 30.675311387651305 ], [ -84.099253913087324, 30.686822312944351 ], [ -84.350608079754949, 30.698333238237396 ], [ -84.601962246422573, 30.709844163530452 ], [ -84.853316413090198, 30.721355088823504 ], [ -84.929254930343149, 30.856023871376053 ], [ -85.005193447596113, 30.990692653928601 ], [ -85.260252168503698, 30.989965954099507 ], [ -85.515310889411296, 30.989239254270405 ], [ -85.770369610318895, 30.988512554441304 ], [ -86.025428331226493, 30.987785854612202 ], [ -86.280487052134092, 30.987059154783097 ], [ -86.53554577304169, 30.986332454953995 ], [ -86.790604493949303, 30.985605755124901 ], [ -87.045663214856901, 30.984879055295792 ], [ -87.331408047214808, 30.956301988238394 ], [ -87.6171528795727, 30.927724921181003 ], [ -87.633043382502507, 30.851528021766701 ], [ -87.519006415542407, 30.73008840588075 ], [ -87.404969448582307, 30.608648789994799 ], [ -87.457886115249195, 30.411270656856004 ], [ -87.5303881497547, 30.274198920201805 ], [ -87.247808498874662, 30.305689246129706 ] ] ] } },
{ "type": "Feature", "properties": { "name": "Mississippi", "name_alt": "MS|Miss.", "code_hasc": "US.MS", "statefp": 28, "statefp_nu": 28, "sq_mi": 47846.53, "pers_sq_mi": 62.4, "acs_14_5yr": "0400000US28", "total_pop": 2984345, "pop_16up": 2323223, "lab_for": 58.4, "employed": 51.6, "unemp_rate": 10.9, "hh_est": 1092627, "hh_med_inc": 39464, "hh_mea_inc": 54881 }, "geometry": { "type": "Polygon", "coordinates": [ [ [ -91.084796515654304, 32.952846788050998 ], [ -91.175798712920297, 32.808385321579202 ], [ -91.030820482125506, 32.602532253544403 ], [ -91.072084113310495, 32.478715521773204 ], [ -90.942970547229194, 32.306736355105699 ], [ -91.081618415068405, 32.204597886680901 ], [ -91.128178880563297, 32.015694688437897 ], [ -91.321319546254202, 31.859580186484301 ], [ -91.411288214874304, 31.650032253540694 ], [ -91.502290412140397, 31.408729152953804 ], [ -91.624531012726806, 31.297082220987104 ], [ -91.583784145864598, 31.047330023720505 ], [ -91.363254971059021, 31.039391231809677 ], [ -91.142725796253444, 31.03145243989885 ], [ -90.922196621447881, 31.023513647988032 ], [ -90.701667446642304, 31.015574856077205 ], [ -90.466055213161553, 31.015045172646225 ], [ -90.230442979680802, 31.014515489215253 ], [ -89.994830746200051, 31.013985805784277 ], [ -89.759218512719301, 31.013456122353297 ], [ -89.787795579776713, 30.847290554318601 ], [ -89.853941413110306, 30.683243720008104 ], [ -89.790456916039702, 30.556791490189902 ], [ -89.658682013695497, 30.440881252559304 ], [ -89.623231981143206, 30.275258287063796 ], [ -89.604705980166599, 30.176297919224901 ], [ -89.593929139029797, 30.160378054194801 ], [ -89.593831178419705, 30.1599940048368 ], [ -89.387160589209813, 30.237987002418457 ], [ -89.18049, 30.31598 ], [ -88.98981792082165, 30.333188080880699 ], [ -88.799145841643394, 30.35039616176131 ], [ -88.608473762465138, 30.367604242641907 ], [ -88.417801683286896, 30.3848123235225 ], [ -88.4336663480005, 31.148396206175292 ], [ -88.449531012714104, 31.911980088828102 ], [ -88.405483313739296, 32.311497046430624 ], [ -88.361435614764503, 32.711014004033146 ], [ -88.317387915789709, 33.110530961635675 ], [ -88.273340216814901, 33.510047919238204 ], [ -88.228885565935826, 33.834033311492092 ], [ -88.184430915056751, 34.158018703745995 ], [ -88.139976264177676, 34.482004095999898 ], [ -88.095521613298601, 34.805989488253793 ], [ -88.166964280942096, 34.999672756483697 ], [ -88.441204647561051, 35.005092322320294 ], [ -88.715445014180006, 35.010511888156898 ], [ -88.98968538079896, 35.015931453993502 ], [ -89.2639257474179, 35.021351019830099 ], [ -89.510254381045172, 35.021221828749376 ], [ -89.756583014672458, 35.021092637668644 ], [ -90.00291164829973, 35.02096344658792 ], [ -90.249240281927001, 35.020834255507197 ], [ -90.268283047226603, 34.941459255506899 ], [ -90.446618415065799, 34.866838487277398 ], [ -90.450313279974694, 34.7218602564826 ], [ -90.517260098008791, 34.587979539522451 ], [ -90.584206916042902, 34.454098822562301 ], [ -90.6995487129184, 34.397461452770401 ], [ -90.876307949572706, 34.261474921194306 ], [ -90.982141282906511, 34.055105088836704 ], [ -91.091411098987649, 33.880748806283897 ], [ -91.200680915068801, 33.706392523731097 ], [ -91.223444383493401, 33.4693268905922 ], [ -91.1080767484018, 33.206836452765593 ], [ -91.156239183297799, 33.010000922165901 ], [ -91.084796515654304, 32.952846788050998 ] ] ] } },
{ "type": "Feature", "properties": { "name": "Texas", "name_alt": "TX|Tex.", "code_hasc": "US.TX", "statefp": 48, "statefp_nu": 48, "sq_mi": 264457.057, "pers_sq_mi": 98.7, "acs_14_5yr": "0400000US48", "total_pop": 26092033, "pop_16up": 19858082, "lab_for": 64.9, "employed": 59.5, "unemp_rate": 7.7, "hh_est": 9013582, "hh_med_inc": 52576, "hh_mea_inc": 73913 }, "geometry": { "type": "Polygon", "coordinates": [ [ [ -106.325054897876498, 31.577013454712251 ], [ -106.142766282967003, 31.399737453735 ], [ -106.014970465909244, 31.32076294608493 ], [ -105.887174648851499, 31.241788438434849 ], [ -105.759378831793754, 31.162813930784779 ], [ -105.631583014735995, 31.083839423134698 ], [ -105.483019731450995, 30.973904272987802 ], [ -105.334456448165994, 30.863969122840899 ], [ -105.185893164880994, 30.754033972694007 ], [ -105.037329881595994, 30.644098822547097 ], [ -104.954382748213504, 30.513525397253598 ], [ -104.871435614831, 30.3829519719601 ], [ -104.788488481448496, 30.252378546666602 ], [ -104.705541348066021, 30.1218051213731 ], [ -104.581182013755495, 29.846899420688448 ], [ -104.456822679444997, 29.571993720003807 ], [ -104.327573462728992, 29.49645569510113 ], [ -104.198324246013001, 29.420917670198449 ], [ -104.069075029297011, 29.345379645295772 ], [ -103.939825812581006, 29.269841620393091 ], [ -103.73239661336126, 29.19483327892145 ], [ -103.5249674141415, 29.119824937449803 ], [ -103.31753821492174, 29.044816595978148 ], [ -103.110109015701994, 28.9698082545065 ], [ -102.952547573644239, 29.167322038280076 ], [ -102.794986131586498, 29.364835822053653 ], [ -102.637424689528757, 29.562349605827222 ], [ -102.479863247471002, 29.759863389600799 ], [ -102.275470038648507, 29.764753272006402 ], [ -102.071076829825998, 29.769643154412005 ], [ -101.866683621003489, 29.774533036817601 ], [ -101.662290412180994, 29.779422919223201 ], [ -101.486080237619746, 29.679810136426578 ], [ -101.309870063058497, 29.580197353629949 ], [ -101.133659888497249, 29.480584570833319 ], [ -100.957449713936001, 29.380971788036696 ], [ -100.832037472317751, 29.209787146515872 ], [ -100.706625230699501, 29.038602504995051 ], [ -100.581212989081251, 28.867417863474223 ], [ -100.455800747463002, 28.696233221953399 ], [ -100.369417131332995, 28.549653021757472 ], [ -100.283033515203002, 28.403072821561555 ], [ -100.196649899073009, 28.25649262136562 ], [ -100.110266282943002, 28.1099124211697 ], [ -99.962755906965853, 27.967434037786973 ], [ -99.815245530988705, 27.824955654404246 ], [ -99.667735155011542, 27.682477271021526 ], [ -99.520224779034393, 27.539998887638799 ], [ -99.410166897360796, 27.189955654401754 ], [ -99.300109015687198, 26.839912421164701 ], [ -99.160143398824658, 26.604965521749705 ], [ -99.020177781962104, 26.370018622334705 ], [ -98.825176764708701, 26.292497514342877 ], [ -98.630175747455297, 26.214976406351045 ], [ -98.435174730201908, 26.137455298359225 ], [ -98.240173712948518, 26.0599341903674 ], [ -98.062639329809784, 26.004898789976554 ], [ -97.885104946671049, 25.949863389585701 ], [ -97.707570563532329, 25.894827989194855 ], [ -97.530036180393594, 25.839792588803999 ], [ -97.335035163140262, 25.854869187925154 ], [ -97.140034145886901, 25.869945787046301 ], [ -97.235028347547399, 26.0400775212591 ], [ -97.330022549207897, 26.210209255471895 ], [ -97.379761115288801, 26.690154120382804 ], [ -97.370226813531005, 27.380189520776199 ], [ -97.255130479708953, 27.60508535411045 ], [ -97.140034145886901, 27.829981187444702 ], [ -97.003511471325766, 27.949308529160675 ], [ -96.866988796764645, 28.068635870876655 ], [ -96.730466122203524, 28.187963212592631 ], [ -96.593943447642403, 28.307290554308597 ], [ -96.345502539845199, 28.41510697073155 ], [ -96.097061632047996, 28.522923387154499 ], [ -95.848620724250793, 28.630739803577448 ], [ -95.600179816453604, 28.738556220000401 ], [ -95.486407691209024, 28.831228211984818 ], [ -95.37263556596443, 28.923900203969229 ], [ -95.258863440719836, 29.016572195953639 ], [ -95.14509131547527, 29.109244187938057 ], [ -95.031319190230676, 29.20191617992246 ], [ -94.917547064986081, 29.294588171906877 ], [ -94.803774939741487, 29.387260163891288 ], [ -94.690002814496907, 29.479932155875698 ], [ -94.479607110872678, 29.538356616906807 ], [ -94.269211407248463, 29.596781077937901 ], [ -94.058815703624234, 29.655205538969 ], [ -93.84842, 29.713630000000101 ], [ -93.918473680379094, 29.821771755486601 ], [ -93.816877814493395, 29.968351955682401 ], [ -93.667119513711597, 30.100643622349704 ], [ -93.664484015664598, 30.300140489212303 ], [ -93.737502814492998, 30.366803086868796 ], [ -93.650195482135899, 30.605470689408907 ], [ -93.586168382526296, 30.713939520789602 ], [ -93.489843512734197, 31.079601955686901 ], [ -93.578236050169394, 31.216131089801905 ], [ -93.694120449584005, 31.443662421182999 ], [ -93.779309048217101, 31.675431220012207 ], [ -93.834861212930903, 31.829943752564805 ], [ -93.9989080472414, 31.942650051393297 ], [ -94.029332546753295, 32.477384853641546 ], [ -94.059757046265204, 33.012119655889798 ], [ -94.002086147827399, 33.579914455696802 ], [ -94.233338182333597, 33.583609320605603 ], [ -94.427538214886496, 33.570380153938906 ], [ -94.4799122790143, 33.635983384733493 ], [ -94.69502834753726, 33.733884385710496 ], [ -94.910144416060206, 33.8317853866875 ], [ -95.050368415084193, 33.88497335462386 ], [ -95.190592414108195, 33.938161322560198 ], [ -95.418123745489396, 33.870413519825497 ], [ -95.593810696173705, 33.875710354135443 ], [ -95.769497646857999, 33.881007188445402 ], [ -95.977469448616603, 33.879431057260497 ], [ -96.148906012744902, 33.797937323536196 ], [ -96.316130947641398, 33.756131089812108 ], [ -96.462711147837297, 33.805327053353999 ], [ -96.629664781464243, 33.77833903658955 ], [ -96.796618415091203, 33.751351019825101 ], [ -96.947952847058019, 33.918059190398701 ], [ -97.1040673490117, 33.773597723926699 ], [ -97.376583014702902, 33.838141587859297 ], [ -97.516807013726904, 33.915927537566645 ], [ -97.657031012750906, 33.993713487274 ], [ -97.80706061480231, 33.943703619923497 ], [ -97.9570902168537, 33.893693752573 ], [ -98.088322516658906, 34.134480088837009 ], [ -98.321150682349952, 34.122568671193754 ], [ -98.553978848040998, 34.110657253550499 ], [ -98.702936164122292, 34.137645270314898 ], [ -98.8518934802036, 34.164633287079297 ], [ -99.019648098531093, 34.200096238739647 ], [ -99.1874027168586, 34.235559190399997 ], [ -99.336075812562299, 34.442962551403397 ], [ -99.599083014711795, 34.376299953746802 ], [ -99.761527879621298, 34.457793687471195 ], [ -100.000195482161004, 34.565228990205902 ], [ -100.000195482161004, 36.4993228215939 ], [ -100.187784161157566, 36.499322821593907 ], [ -100.375372840154128, 36.4993228215939 ], [ -100.56296151915069, 36.4993228215939 ], [ -100.750550198147252, 36.4993228215939 ], [ -100.938138877143814, 36.4993228215939 ], [ -101.125727556140376, 36.4993228215939 ], [ -101.313316235136938, 36.4993228215939 ], [ -101.5009049141335, 36.4993228215939 ], [ -101.688493593130062, 36.4993228215939 ], [ -101.876082272126624, 36.4993228215939 ], [ -102.063670951123186, 36.4993228215939 ], [ -102.251259630119762, 36.4993228215939 ], [ -102.438848309116324, 36.4993228215939 ], [ -102.626436988112872, 36.4993228215939 ], [ -102.814025667109433, 36.4993228215939 ], [ -103.001614346105995, 36.4993228215939 ], [ -103.001614346105995, 31.999287421185304 ], [ -103.228396369218871, 31.999287421185304 ], [ -103.455178392331746, 31.999287421185304 ], [ -103.681960415444621, 31.999287421185304 ], [ -103.908742438557496, 31.999287421185297 ], [ -104.135524461670371, 31.999287421185304 ], [ -104.362306484783261, 31.999287421185304 ], [ -104.589088507896122, 31.999287421185304 ], [ -104.815870531008997, 31.999287421185304 ], [ -105.042652554121872, 31.999287421185297 ], [ -105.269434577234748, 31.999287421185297 ], [ -105.496216600347623, 31.999287421185304 ], [ -105.722998623460498, 31.999287421185304 ], [ -105.949780646573373, 31.999287421185297 ], [ -106.176562669686248, 31.999287421185304 ], [ -106.403344692799124, 31.999287421185304 ], [ -106.630126715911999, 31.999287421185304 ], [ -106.619533047291995, 31.914098822552109 ], [ -106.507343512785994, 31.754289455689499 ], [ -106.325054897876498, 31.577013454712251 ] ] ] } },
{ "type": "Feature", "properties": { "name": "Utah", "name_alt": "UT", "code_hasc": "US.UT", "statefp": 49, "statefp_nu": 49, "sq_mi": 84923.743, "pers_sq_mi": 33.7, "acs_14_5yr": "0400000US49", "total_pop": 2858111, "pop_16up": 2057591, "lab_for": 68.0, "employed": 63.2, "unemp_rate": 6.9, "hh_est": 896194, "hh_med_inc": 59846, "hh_mea_inc": 75204 }, "geometry": { "type": "Polygon", "coordinates": [ [ [ -114.030527716918002, 36.99409882257239 ], [ -113.828912116331253, 36.996014080344224 ], [ -113.62729651574449, 36.997929338116052 ], [ -113.425680915157741, 36.999844595887879 ], [ -113.224065314570993, 37.001759853659699 ], [ -113.022449713984244, 37.003675111431519 ], [ -112.820834113397495, 37.005590369203347 ], [ -112.619218512810747, 37.007505626975174 ], [ -112.417602912223998, 37.009420884747001 ], [ -112.177430233593498, 37.009159272808517 ], [ -111.937257554963011, 37.008897660870026 ], [ -111.697084876332497, 37.008636048931535 ], [ -111.456912197701996, 37.008374436993044 ], [ -111.216739519071496, 37.008112825054567 ], [ -110.976566840440995, 37.007851213116076 ], [ -110.736394161810495, 37.007589601177585 ], [ -110.496221483179994, 37.007327989239108 ], [ -110.314846895166625, 37.006401043234852 ], [ -110.133472307153241, 37.005474097230625 ], [ -109.952097719139871, 37.00454715122639 ], [ -109.770723131126488, 37.003620205222148 ], [ -109.589348543113118, 37.002693259217921 ], [ -109.407973955099749, 37.001766313213686 ], [ -109.226599367086379, 37.000839367209437 ], [ -109.045224779072996, 36.999912421205195 ], [ -109.049203864359001, 39.000953070627304 ], [ -109.053182949645006, 41.001993720049398 ], [ -109.303345328593011, 41.005236416175705 ], [ -109.553507707541002, 41.008479112302027 ], [ -109.803670086489007, 41.011721808428341 ], [ -110.053832465437011, 41.014964504554641 ], [ -110.303994844385016, 41.018207200680955 ], [ -110.554157223333007, 41.021449896807269 ], [ -110.804319602280998, 41.024692592933583 ], [ -111.054481981229003, 41.027935289059904 ], [ -111.050244513780996, 42.001596788087198 ], [ -111.236743143033863, 42.001067104656215 ], [ -111.423241772286744, 42.000537421225225 ], [ -111.609740401539625, 42.000007737794228 ], [ -111.796239030792492, 41.999478054363252 ], [ -111.982737660045359, 41.998948370932261 ], [ -112.16923628929824, 41.998418687501271 ], [ -112.355734918551121, 41.997889004070288 ], [ -112.542233547803988, 41.997359320639298 ], [ -112.728732177056855, 41.996829637208307 ], [ -112.915230806309737, 41.996299953777317 ], [ -113.101729435562618, 41.995770270346334 ], [ -113.288228064815485, 41.995240586915351 ], [ -113.474726694068366, 41.994710903484361 ], [ -113.661225323321247, 41.99418122005337 ], [ -113.847723952574114, 41.99365153662238 ], [ -114.034222581826995, 41.993121853191404 ], [ -114.030527716918002, 36.99409882257239 ] ] ] } },
{ "type": "Feature", "properties": { "name": "Virginia", "name_alt": "VA", "code_hasc": "US.VA", "statefp": 51, "statefp_nu": 51, "sq_mi": 40072.513, "pers_sq_mi": 204.3, "acs_14_5yr": "0400000US51", "total_pop": 8185131, "pop_16up": 6531424, "lab_for": 66.4, "employed": 60.3, "unemp_rate": 6.9, "hh_est": 3041710, "hh_med_inc": 64792, "hh_mea_inc": 88413 }, "geometry": { "type": "MultiPolygon", "coordinates": [ [ [ [ -75.609849929809599, 38.0000324249268 ], [ -75.722049713134794, 37.937051773071303 ], [ -75.799303054809599, 37.766929626464851 ], [ -75.876556396484403, 37.596807479858398 ], [ -75.953809738159208, 37.426685333251953 ], [ -76.031063079833999, 37.256563186645508 ], [ -75.940034866332994, 37.216875076293903 ], [ -75.799411308286437, 37.416501305750636 ], [ -75.658787750239895, 37.616127535207362 ], [ -75.518164192193353, 37.81575376466408 ], [ -75.377540634146797, 38.015379994120799 ], [ -75.609849929809599, 38.0000324249268 ] ] ], [ [ [ -83.384361267089801, 36.656496047973597 ], [ -83.528822738008444, 36.628177674354447 ], [ -83.673284208927114, 36.599859300735304 ], [ -83.487413880401576, 36.595625065549683 ], [ -83.301543551876051, 36.591390830364077 ], [ -83.115673223350527, 36.58715659517847 ], [ -82.929802894825002, 36.58292235999285 ], [ -82.743932566299492, 36.578688124807236 ], [ -82.558062237773953, 36.574453889621623 ], [ -82.372191909248428, 36.570219654436016 ], [ -82.186321580722904, 36.565985419250403 ], [ -81.932848137773561, 36.57577930783075 ], [ -81.679374694824205, 36.585573196411104 ], [ -81.468502521514878, 36.580150127410867 ], [ -81.257630348205552, 36.574727058410623 ], [ -81.046758174896226, 36.569303989410386 ], [ -80.8358860015869, 36.563880920410149 ], [ -80.625013828277574, 36.558457851409912 ], [ -80.414141654968248, 36.553034782409675 ], [ -80.203269481658921, 36.547611713409438 ], [ -79.992397308349595, 36.542188644409208 ], [ -79.743291139602633, 36.541594505310073 ], [ -79.494184970855684, 36.541000366210959 ], [ -79.245078802108736, 36.540406227111824 ], [ -78.995972633361788, 36.539812088012695 ], [ -78.74686646461484, 36.539217948913581 ], [ -78.497760295867892, 36.538623809814446 ], [ -78.248654127120943, 36.538029670715318 ], [ -77.999547958373995, 36.537435531616197 ], [ -77.734964847564669, 36.539547920227051 ], [ -77.470381736755343, 36.541660308837898 ], [ -77.205798625946017, 36.543772697448745 ], [ -76.941215515136705, 36.545885086059599 ], [ -76.672930717468262, 36.547208786010771 ], [ -76.404645919799805, 36.54853248596195 ], [ -76.136361122131348, 36.549856185913129 ], [ -75.868076324462905, 36.551179885864308 ], [ -75.919938087463407, 36.724220275878949 ], [ -75.971799850463896, 36.897260665893597 ], [ -76.115269660949707, 36.931831359863288 ], [ -76.258739471435504, 36.966402053832994 ], [ -76.280179023742647, 37.442174911498995 ], [ -76.301618576049805, 37.917947769165004 ], [ -76.473687648773208, 37.998394012451158 ], [ -76.64575672149661, 38.078840255737305 ], [ -76.817825794219999, 38.159286499023452 ], [ -76.989894866943402, 38.239732742309592 ], [ -77.048107147216797, 38.3805027008057 ], [ -77.210578918457003, 38.337118148803697 ], [ -77.343386994317399, 38.391610849181902 ], [ -77.229621548151002, 38.614413357084203 ], [ -77.059217453002901, 38.708593368530302 ], [ -77.041234970092802, 38.789545059204094 ], [ -77.0364799499512, 38.8482761383057 ], [ -77.119550704956112, 38.934007644653306 ], [ -77.3058185577393, 39.045679092407198 ], [ -77.5169677734375, 39.105985641479506 ], [ -77.443407058715806, 39.213422775268597 ], [ -77.576215744018597, 39.288560867309599 ], [ -77.722795579728498, 39.322432155915109 ], [ -77.834985114234101, 39.134562486318011 ], [ -77.962645066602107, 39.202297921409652 ], [ -78.090305018970099, 39.270033356501301 ], [ -78.217964971338091, 39.33776879159295 ], [ -78.345624923706097, 39.405504226684599 ], [ -78.424484252929702, 39.139318466186502 ], [ -78.548843349914094, 39.039839585926998 ], [ -78.744619369506793, 38.909151077270508 ], [ -78.892801284789996, 38.7800388336182 ], [ -78.965277879538107, 38.821816718087497 ], [ -79.076408386230511, 38.680017471313505 ], [ -79.174825668335004, 38.555658340454102 ], [ -79.222988128662095, 38.4646320343018 ], [ -79.366390228271499, 38.42602729797359 ], [ -79.515089035034194, 38.4974460601807 ], [ -79.647922515869098, 38.574728012084996 ], [ -79.743679264000704, 38.357221377995899 ], [ -79.82941082274786, 38.268324183131597 ], [ -79.915142381495002, 38.179426988267309 ], [ -79.964363484013603, 38.0317895185607 ], [ -80.157505035400405, 37.901098251342802 ], [ -80.292974472045898, 37.7280597686768 ], [ -80.276567556777294, 37.610574309812407 ], [ -80.298245333213302, 37.519029200305397 ], [ -80.456995010376005, 37.441774368286097 ], [ -80.596186082669604, 37.45606028904561 ], [ -80.7200031280518, 37.383043289184592 ], [ -80.833251953125, 37.418493270874002 ], [ -80.854929979155102, 37.329065456688298 ], [ -81.041469124709408, 37.287260122448146 ], [ -81.2280082702637, 37.245454788208001 ], [ -81.348129848948702, 37.315836290021601 ], [ -81.505820562596909, 37.255504776785699 ], [ -81.663511276245103, 37.195173263549798 ], [ -81.815387725830107, 37.275606155395508 ], [ -81.928094448560415, 37.3660916204255 ], [ -81.972536180331403, 37.535952053368909 ], [ -82.072549413080566, 37.461473794207578 ], [ -82.172562645829743, 37.386995535046253 ], [ -82.27257587857892, 37.312517275884929 ], [ -82.372589111328097, 37.238039016723597 ], [ -82.528690338134751, 37.179567337036104 ], [ -82.684791564941406, 37.121095657348597 ], [ -82.709131769841505, 37.040143442951702 ], [ -82.815507888793903, 36.934827804565401 ], [ -82.952295451719849, 36.875295629649301 ], [ -83.089083014645794, 36.815763454733208 ], [ -83.178508758544893, 36.718381881713903 ], [ -83.3305924392278, 36.672660673632102 ], [ -83.384361267089801, 36.656496047973597 ] ] ] ] } },
{ "type": "Feature", "properties": { "name": "Kentucky", "name_alt": "Commonwealth of Kentucky|KY", "code_hasc": "US.KY", "statefp": 21, "statefp_nu": 21, "sq_mi": 40208.588, "pers_sq_mi": 109.0, "acs_14_5yr": "0400000US21", "total_pop": 4383272, "pop_16up": 3476701, "lab_for": 59.8, "employed": 53.8, "unemp_rate": 9.3, "hh_est": 1702235, "hh_med_inc": 43342, "hh_mea_inc": 59312 }, "geometry": { "type": "Polygon", "coordinates": [ [ [ -89.319762132509197, 36.505071824686354 ], [ -89.141168382508482, 36.503947862284001 ], [ -88.962574632507767, 36.502823899881648 ], [ -88.783980882507052, 36.501699937479302 ], [ -88.605387132506337, 36.500575975076956 ], [ -88.426793382505636, 36.499452012674602 ], [ -88.248199632504907, 36.498328050272256 ], [ -88.069605882504206, 36.497204087869903 ], [ -88.072783983090204, 36.654377956685607 ], [ -87.874346483089397, 36.656496690409597 ], [ -87.842048712907001, 36.610969753560497 ], [ -87.685682288345831, 36.617978369690071 ], [ -87.52931586378466, 36.624986985819646 ], [ -87.372949439223476, 36.631995601949228 ], [ -87.216583014662305, 36.63900421807881 ], [ -86.947232530449, 36.636368720031896 ], [ -86.677882046235695, 36.633733221984997 ], [ -86.531566687755259, 36.631743679341781 ], [ -86.385251329274837, 36.629754136698551 ], [ -86.238935970794415, 36.627764594055314 ], [ -86.092620612313993, 36.625775051412099 ], [ -85.805816413094107, 36.611757819152899 ], [ -85.519012213874205, 36.5977405868937 ], [ -85.231148647792409, 36.609910386698502 ], [ -85.010884314702324, 36.599193986551974 ], [ -84.790619981612252, 36.588477586405446 ], [ -84.570355648522167, 36.577761186258925 ], [ -84.350091315432095, 36.567044786112398 ], [ -84.180889757000415, 36.57524841973872 ], [ -84.011688198568748, 36.58345205336505 ], [ -83.842486640137082, 36.59165568699138 ], [ -83.673285081705401, 36.599859320617711 ], [ -83.528823615233449, 36.628178005513654 ], [ -83.384362148761497, 36.656496690409597 ], [ -83.178508758544893, 36.718381881713903 ], [ -83.089083014645794, 36.815763454733208 ], [ -82.952295451719849, 36.875295629649301 ], [ -82.815507888793903, 36.934827804565401 ], [ -82.709131769841505, 37.040143442951702 ], [ -82.684791564941406, 37.121095657348597 ], [ -82.528690338134751, 37.179567337036104 ], [ -82.372589111328097, 37.238039016723597 ], [ -82.27257587857892, 37.312517275884929 ], [ -82.172562645829743, 37.386995535046253 ], [ -82.072549413080566, 37.461473794207578 ], [ -81.972536180331403, 37.535952053368909 ], [ -82.167278815423302, 37.554478054345502 ], [ -82.267298550124295, 37.675659288069902 ], [ -82.413336147781095, 37.805315456690302 ], [ -82.461498582677095, 37.9571666529799 ], [ -82.580561082677605, 38.113281154933709 ], [ -82.5699674140577, 38.320193589830303 ], [ -82.589010179357302, 38.415433254544304 ], [ -82.7752778795534, 38.511215521797197 ], [ -82.855195482092697, 38.651439520821199 ], [ -83.044641282874693, 38.634515489245594 ], [ -83.258943447589203, 38.579480088854801 ], [ -83.434617479165397, 38.637150987292493 ], [ -83.672742479166303, 38.609116522774208 ], [ -83.826738247396094, 38.690067653959403 ], [ -84.038947516602718, 38.760993557280003 ], [ -84.171768866700901, 38.873958238270056 ], [ -84.304590216799099, 38.98692291926011 ], [ -84.481323615237301, 39.083247789052102 ], [ -84.65250179720411, 39.094887905425843 ], [ -84.823679979170905, 39.106528021799598 ], [ -84.8813767158248, 39.0594249537656 ], [ -84.799882982100499, 38.855173855132001 ], [ -84.843265347009506, 38.7810956894415 ], [ -85.011549648767996, 38.779493720040499 ], [ -85.167638312505602, 38.691127020821405 ], [ -85.404187181321703, 38.727119655912702 ], [ -85.425891282884294, 38.535038357083799 ], [ -85.566632046231206, 38.461993720039203 ], [ -85.698406948575496, 38.290014553371897 ], [ -85.839690314461393, 38.258801988267599 ], [ -85.949761115243092, 38.109844672186256 ], [ -86.059831916024805, 37.960887356104898 ], [ -86.262506883473606, 38.046618557277199 ], [ -86.3254746162212, 38.169375922186489 ], [ -86.412523566416851, 38.069627488755103 ], [ -86.499572516612503, 37.969879055323702 ], [ -86.610160081717098, 37.8587488876801 ], [ -86.825521613293503, 37.976235256495599 ], [ -87.055714280937707, 37.880969753565601 ], [ -87.131394416029096, 37.783611355127697 ], [ -87.2853772651508, 37.859808254542038 ], [ -87.439360114272503, 37.936005153956394 ], [ -87.6536622789869, 37.826476955713801 ], [ -87.782517462906696, 37.865363471013396 ], [ -87.911372646826507, 37.904249986312998 ], [ -87.921423712907298, 37.793662421208403 ], [ -88.051079881527599, 37.819603990219001 ], [ -88.044206916032806, 37.7449832219895 ], [ -88.1574299791843, 37.6058185898275 ], [ -88.071724616228195, 37.511612453759398 ], [ -88.247398647804403, 37.438593654930997 ], [ -88.473870612323594, 37.354981187482693 ], [ -88.435242479185405, 37.136441555320403 ], [ -88.566474778990596, 37.0538884547341 ], [ -88.8077778795775, 37.146492621401194 ], [ -89.073963182312895, 37.200468654929999 ], [ -89.141685146831406, 37.10362702081499 ], [ -89.103057013693302, 36.952292588848302 ], [ -89.1342695787976, 36.851756089824406 ], [ -89.115226813497998, 36.694582221008694 ], [ -89.273976813498606, 36.611512356099503 ], [ -89.498355882509898, 36.506195787088707 ], [ -89.319762132509197, 36.505071824686354 ] ] ] } },
{ "type": "Feature", "properties": { "name": "Kansas", "name_alt": "KS|Kans.", "code_hasc": "US.KS", "statefp": 20, "statefp_nu": 20, "sq_mi": 81847.072, "pers_sq_mi": 35.2, "acs_14_5yr": "0400000US20", "total_pop": 2882946, "pop_16up": 2236421, "lab_for": 67.4, "employed": 62.2, "unemp_rate": 6.6, "hh_est": 1112335, "hh_med_inc": 51872, "hh_mea_inc": 69271 }, "geometry": { "type": "Polygon", "coordinates": [ [ [ -101.80583462197977, 36.99224493056397 ], [ -101.570487230214496, 36.992509772279448 ], [ -101.335139838449251, 36.992774613994925 ], [ -101.099792446684006, 36.993039455710402 ], [ -100.849827084134191, 36.993304297425894 ], [ -100.599861721584332, 36.993569139141407 ], [ -100.349896359034489, 36.993833980856898 ], [ -100.099930996484659, 36.994098822572397 ], [ -99.849965633934815, 36.994363664287896 ], [ -99.600000271384971, 36.994628506003394 ], [ -99.350034908835141, 36.9948933477189 ], [ -99.100069546285297, 36.995158189434399 ], [ -98.875041292093329, 36.99542303114989 ], [ -98.650013037901346, 36.995687872865403 ], [ -98.424984783709377, 36.995952714580902 ], [ -98.199956529517408, 36.996217556296401 ], [ -97.974928275325425, 36.996482398011899 ], [ -97.749900021133456, 36.996747239727398 ], [ -97.524871766941487, 36.997012081442904 ], [ -97.299843512749504, 36.997276923158395 ], [ -97.074883083874923, 36.997473939556514 ], [ -96.849922655000299, 36.997670955954632 ], [ -96.624962226125689, 36.997867972352743 ], [ -96.400001797251093, 36.998064988750855 ], [ -96.175041368376498, 36.998262005148966 ], [ -95.950080939501902, 36.998459021547077 ], [ -95.725120510627306, 36.998656037945189 ], [ -95.500160081752696, 36.998853054343307 ], [ -95.280819464889845, 36.999117896058799 ], [ -95.061478848027008, 36.999382737774305 ], [ -94.842138231164157, 36.99964757948981 ], [ -94.622797614301305, 36.999912421205302 ], [ -94.615382046267399, 38.0688394231627 ], [ -94.604814215863698, 39.139859320627899 ], [ -94.736304897830351, 39.187220770823401 ], [ -94.867795579797004, 39.234582221018904 ], [ -94.991095547245493, 39.444672756501497 ], [ -95.067292446659806, 39.539912421215398 ], [ -94.926551683312894, 39.725120754549501 ], [ -94.955102912154203, 39.870124823560502 ], [ -95.085301683313503, 39.868006089836499 ], [ -95.204092882044449, 39.93468160660111 ], [ -95.322884080775395, 40.0013571233657 ], [ -95.494995668300504, 40.0013571233657 ], [ -95.667107255825613, 40.0013571233657 ], [ -95.839218843350721, 40.0013571233657 ], [ -96.011330430875844, 40.0013571233657 ], [ -96.183442018400967, 40.0013571233657 ], [ -96.355553605926076, 40.0013571233657 ], [ -96.527665193451185, 40.0013571233657 ], [ -96.699776780976293, 40.0013571233657 ], [ -96.843545460277824, 40.001323210707007 ], [ -96.987314139579325, 40.00128929804832 ], [ -97.131082818880856, 40.001255385389619 ], [ -97.274851498182386, 40.001221472730926 ], [ -97.418620177483888, 40.001187560072225 ], [ -97.562388856785418, 40.001153647413538 ], [ -97.706157536086934, 40.001119734754845 ], [ -97.84992621538845, 40.001085822096151 ], [ -97.993694894689966, 40.001051909437457 ], [ -98.137463573991482, 40.001017996778771 ], [ -98.281232253293012, 40.00098408412007 ], [ -98.425000932594529, 40.000950171461376 ], [ -98.568769611896045, 40.000916258802683 ], [ -98.712538291197575, 40.000882346143989 ], [ -98.856306970499091, 40.000848433485295 ], [ -99.000075649800607, 40.000814520826601 ], [ -99.190706778748321, 40.000814520826601 ], [ -99.381337907696036, 40.000814520826601 ], [ -99.571969036643736, 40.000814520826601 ], [ -99.762600165591451, 40.000814520826601 ], [ -99.953231294539165, 40.000814520826601 ], [ -100.143862423486866, 40.000814520826601 ], [ -100.33449355243458, 40.000814520826601 ], [ -100.525124681382295, 40.000814520826601 ], [ -100.715755810330009, 40.000814520826601 ], [ -100.906386939277724, 40.000814520826594 ], [ -101.097018068225438, 40.000814520826601 ], [ -101.287649197173153, 40.000814520826601 ], [ -101.478280326120881, 40.000814520826601 ], [ -101.668911455068582, 40.000814520826601 ], [ -101.859542584016282, 40.000814520826601 ], [ -102.050173712963996, 40.000814520826601 ], [ -102.040122646883006, 38.459874986315299 ], [ -102.041182013745001, 36.9919800888485 ], [ -101.80583462197977, 36.99224493056397 ] ] ] } },
{ "type": "Feature", "properties": { "name": "Michigan", "name_alt": "MI|Mich.", "code_hasc": "US.MI", "statefp": 26, "statefp_nu": 26, "sq_mi": 96824.436, "pers_sq_mi": 102.1, "acs_14_5yr": "0400000US26", "total_pop": 9889024, "pop_16up": 7893971, "lab_for": 61.5, "employed": 54.4, "unemp_rate": 11.4, "hh_est": 3827880, "hh_med_inc": 49087, "hh_mea_inc": 65790 }, "geometry": { "type": "Polygon", "coordinates": [ [ [ -90.014810146834904, 47.199599921246097 ], [ -90.071447516626804, 47.111749986349899 ], [ -90.128059048202601, 47.023900051453701 ], [ -90.185213182317398, 46.9360759547736 ], [ -90.241824713893195, 46.848226019877501 ], [ -90.298978848007906, 46.760918687520302 ], [ -90.355590379583703, 46.673068752624097 ], [ -90.395277879583801, 46.611677151061393 ], [ -90.410625779974609, 46.5841852890821 ], [ -90.396879848984895, 46.576252956725298 ], [ -90.334971483099196, 46.596871853209791 ], [ -90.333912116237201, 46.5936937526238 ], [ -90.176738247421497, 46.560879218118501 ], [ -90.096303880559205, 46.380993557310497 ], [ -89.877492947127337, 46.33627406471593 ], [ -89.658682013695454, 46.291554572121349 ], [ -89.439871080263572, 46.246835079526775 ], [ -89.221060146831704, 46.202115586932202 ], [ -89.076863522075286, 46.157137712176187 ], [ -88.932666897318853, 46.112159837420144 ], [ -88.788470272562421, 46.067181962664122 ], [ -88.644273647806003, 46.022204087908108 ], [ -88.361706916034095, 46.020627956723203 ], [ -88.166964280942096, 46.007915554379501 ], [ -88.111928880551304, 45.843351955745803 ], [ -87.875405849951406, 45.779841620459109 ], [ -87.787013312516095, 45.639617621435107 ], [ -87.847888149755903, 45.559183254572801 ], [ -87.8933892483889, 45.396712551447202 ], [ -87.673247646825615, 45.387746690444509 ], [ -87.747325812515996, 45.226877956719903 ], [ -87.613974778986801, 45.108874823581395 ], [ -87.612915412124806, 45.1104509547663 ], [ -87.4594622464341, 45.068127956719302 ], [ -87.419774746433902, 45.184012356133799 ], [ -87.244617479180604, 45.289845689467697 ], [ -87.115503913099403, 45.4522905543771 ], [ -86.944855414563548, 45.45229055437715 ], [ -86.774206916027694, 45.452290554377193 ], [ -86.627885097993243, 45.387733771336499 ], [ -86.481563279958806, 45.323176988295792 ], [ -86.264599778981406, 45.226877956719903 ], [ -86.401671515635599, 45.133214423190893 ], [ -86.536081916026703, 45.0416696233859 ], [ -86.625507982107791, 44.944039923678446 ], [ -86.714934048188894, 44.846410223971006 ], [ -86.822343512707619, 44.591335354178298 ], [ -86.918668382499604, 44.361685289073307 ], [ -86.975551215344893, 44.226486823089644 ], [ -87.032434048190197, 44.091288357106002 ], [ -87.083231981133096, 43.890189520842299 ], [ -87.141962246432797, 43.657878119474105 ], [ -87.145140347018796, 43.571087551439909 ], [ -87.155191413099502, 43.326632188483202 ], [ -87.113927781914498, 43.030293687505399 ], [ -87.079537116224202, 42.782117621423701 ], [ -87.039307013685018, 42.492652085940897 ], [ -87.084808112318001, 42.309562486330698 ], [ -87.130335049167101, 42.127015489259605 ], [ -87.175836147800098, 41.943925889649499 ], [ -87.221337246433094, 41.7608362900394 ], [ -87.022899746432344, 41.7608362900394 ], [ -86.824462246431594, 41.7608362900394 ], [ -86.824462246431594, 41.756056220052393 ], [ -86.555383063487795, 41.75486766210971 ], [ -86.286303880543997, 41.753679104166999 ], [ -86.017224697600199, 41.752490546224301 ], [ -85.748145514656414, 41.751301988281597 ], [ -85.512933773525901, 41.752490546224301 ], [ -85.277722032395403, 41.753679104166991 ], [ -85.042510291264904, 41.75486766210971 ], [ -84.807298550134405, 41.756056220052393 ], [ -84.806755947595306, 41.677740586914105 ], [ -84.550905931318255, 41.681448370931051 ], [ -84.295055915041203, 41.685156154948004 ], [ -84.067511664552015, 41.685156154948004 ], [ -83.839967414062798, 41.685156154948004 ], [ -83.651322597981348, 41.689652004557345 ], [ -83.462677781899899, 41.694147854166708 ], [ -83.302338731606298, 41.834914455729752 ], [ -83.141999681312697, 41.975681057292803 ], [ -83.128770514645893, 42.0688019882829 ], [ -83.119778815427097, 42.0799124212256 ], [ -83.009979315914947, 42.255069688478898 ], [ -82.900179816402797, 42.430226955732202 ], [ -82.782570716060533, 42.567679806074551 ], [ -82.664961615718255, 42.705132656416893 ], [ -82.547352515375977, 42.842585506759249 ], [ -82.429743415033698, 42.980038357101598 ], [ -82.417031012690003, 43.0176071233778 ], [ -82.303795030430393, 43.245939439459505 ], [ -82.190559048170797, 43.474271755541203 ], [ -82.137642381503994, 43.571087551439803 ], [ -82.196372646803596, 43.822441718107697 ], [ -82.240840216790801, 44.015608222014606 ], [ -82.281044481113796, 44.1923416204529 ], [ -82.326545579746906, 44.391295884776611 ], [ -82.368351813470994, 44.572809353201805 ], [ -82.407522549148197, 44.743729153007109 ], [ -82.446667446609396, 44.915708319674394 ], [ -82.4852955797475, 45.083992621432998 ], [ -82.515474616205907, 45.204114488295403 ], [ -82.550924648758198, 45.347516587905297 ], [ -82.760472581701706, 45.4475104843902 ], [ -82.9192225817023, 45.517919623387897 ], [ -83.038679114499018, 45.570700639420004 ], [ -83.158135647295751, 45.623481655452096 ], [ -83.277592180092483, 45.676262671484196 ], [ -83.397048712889202, 45.729043687516302 ], [ -83.592850714843095, 45.816893622412401 ], [ -83.469550747394706, 45.994686387712598 ], [ -83.616130947590619, 46.116926988299198 ], [ -83.669047614257394, 46.122740586931897 ], [ -83.7632279121094, 46.108968817726094 ], [ -83.890765347005797, 46.116926988299198 ], [ -83.991308305583615, 46.196172797218743 ], [ -84.091851264161406, 46.275418606138302 ], [ -84.115144416017102, 46.370916653013609 ], [ -84.128373582683693, 46.483648790058304 ], [ -84.142119513673407, 46.512225857115801 ], [ -84.3367, 46.408770000000104 ], [ -84.6049, 46.4396 ], [ -84.543231981123, 46.538684190449302 ], [ -84.543748745445797, 46.538684190449295 ], [ -84.66149349642285, 46.587893073099195 ], [ -84.779238247399903, 46.637101955749102 ], [ -84.826858079756903, 46.766732286153299 ], [ -84.876079881514812, 46.900083319682402 ], [ -85.070279914067797, 46.980000922221798 ], [ -85.263963182297701, 47.059892686544991 ], [ -85.458163214850501, 47.139810289084402 ], [ -85.6523632474034, 47.220218817730498 ], [ -85.8465632799563, 47.30013642027 ], [ -86.040246548186204, 47.380054022809297 ], [ -86.234446580739004, 47.459945787132554 ], [ -86.428646613291804, 47.539837551455797 ], [ -86.495335049164595, 47.566838487328297 ], [ -86.672068447602797, 47.636162421247903 ], [ -86.79695746534415, 47.685642605167395 ], [ -86.921846483085503, 47.735122789086901 ], [ -87.064977281425953, 47.791747239770658 ], [ -87.208108079766404, 47.8483716904544 ], [ -87.351251797214914, 47.904983222030154 ], [ -87.494395514663395, 47.961594753605908 ], [ -87.715325181819225, 48.046925462427886 ], [ -87.93625484897504, 48.13225617124985 ], [ -88.157184516130869, 48.217586880071828 ], [ -88.378114183286698, 48.302917588893806 ], [ -88.579988166034894, 48.239019680364905 ], [ -88.781862148783091, 48.175121771836004 ], [ -88.983736131531288, 48.111223863307103 ], [ -89.185610114279498, 48.047325954778209 ], [ -89.272917446636697, 48.019808254582699 ], [ -89.488884557220999, 48.015263217835802 ], [ -89.522695482119303, 47.960535386743899 ], [ -89.613697679385396, 47.819252020858002 ], [ -89.728005947615003, 47.641976019880595 ], [ -89.842830980167506, 47.464725857119497 ], [ -89.957656012720093, 47.286907253603196 ], [ -90.014810146834904, 47.199599921246097 ] ] ] } },
{ "type": "Feature", "properties": { "name": "West Virginia", "name_alt": "WV|W.Va.", "code_hasc": "US.WV", "statefp": 54, "statefp_nu": 54, "sq_mi": 24133.043, "pers_sq_mi": 76.8, "acs_14_5yr": "0400000US54", "total_pop": 1853881, "pop_16up": 1513749, "lab_for": 54.3, "employed": 49.8, "unemp_rate": 8.2, "hh_est": 742359, "hh_med_inc": 41576, "hh_mea_inc": 55976 }, "geometry": { "type": "Polygon", "coordinates": [ [ [ -81.928094448560415, 37.3660916204255 ], [ -81.815387725830107, 37.275606155395508 ], [ -81.663511276245103, 37.195173263549798 ], [ -81.505820562596909, 37.255504776785699 ], [ -81.348129848948702, 37.315836290021601 ], [ -81.2280082702637, 37.245454788208001 ], [ -81.041469124709408, 37.287260122448146 ], [ -80.854929979155102, 37.329065456688298 ], [ -80.833251953125, 37.418493270874002 ], [ -80.7200031280518, 37.383043289184592 ], [ -80.596185684204102, 37.456060409545891 ], [ -80.456995010376005, 37.441774368286097 ], [ -80.298245333213302, 37.519029200305397 ], [ -80.276567556777294, 37.610574309812407 ], [ -80.292974472045898, 37.7280597686768 ], [ -80.157505035400405, 37.901098251342802 ], [ -79.964363484013603, 38.0317895185607 ], [ -79.915142381495002, 38.179426988267309 ], [ -79.82941082274786, 38.268324183131597 ], [ -79.743679264000704, 38.357221377995899 ], [ -79.647922515869098, 38.574728012084996 ], [ -79.515089035034194, 38.4974460601807 ], [ -79.366390228271499, 38.42602729797359 ], [ -79.222988128662095, 38.4646320343018 ], [ -79.174825668335004, 38.555658340454102 ], [ -79.076408386230511, 38.680017471313505 ], [ -78.965277879538107, 38.821816718087497 ], [ -78.892801284789996, 38.7800388336182 ], [ -78.744619369506793, 38.909151077270508 ], [ -78.548843349914094, 39.039839585926998 ], [ -78.424484252929702, 39.139318466186502 ], [ -78.345624923706097, 39.405504226684599 ], [ -78.217964971338091, 39.33776879159295 ], [ -78.090305018970099, 39.270033356501301 ], [ -77.962645066602107, 39.202297921409652 ], [ -77.834985114234101, 39.134562486318011 ], [ -77.722795579728498, 39.322432155915109 ], [ -77.801653815405899, 39.449943752595296 ], [ -77.923351813453195, 39.592829087882301 ], [ -78.077877265113997, 39.632516587882499 ], [ -78.2324027167748, 39.672204087882704 ], [ -78.425000779926606, 39.596523952791209 ], [ -78.534012213846296, 39.5224457871008 ], [ -78.68165178090419, 39.542547919262304 ], [ -78.829291347962098, 39.562650051423802 ], [ -78.963159145814203, 39.457901923168301 ], [ -79.161079881492, 39.418214423168095 ], [ -79.3325164456203, 39.302846788076494 ], [ -79.485995449527209, 39.213420721995497 ], [ -79.477520514631408, 39.720883287101699 ], [ -79.737872840071873, 39.720883287101671 ], [ -79.998225165512338, 39.720883287101643 ], [ -80.258577490952817, 39.720883287101621 ], [ -80.518929816393296, 39.7208832871016 ], [ -80.518929816393296, 40.641111355139103 ], [ -80.657551846016204, 40.590830186519099 ], [ -80.615228847969206, 40.463835354161802 ], [ -80.661789313464197, 40.233642686517697 ], [ -80.764987148751104, 39.973296820631191 ], [ -80.861828782865999, 39.7573926865158 ], [ -80.878752814441597, 39.654220689444998 ], [ -81.01475226512575, 39.540183722484947 ], [ -81.150751715809903, 39.426146755524897 ], [ -81.266093512685302, 39.377441718089791 ], [ -81.401046515615604, 39.3494072535714 ], [ -81.522227749340004, 39.371628119456901 ], [ -81.63361629914516, 39.285638536123258 ], [ -81.745004848950302, 39.199648952789602 ], [ -81.785751715812395, 39.019220689442506 ], [ -81.816964280916693, 38.921836452788497 ], [ -81.9058735826749, 38.882148952788299 ], [ -81.918560146802506, 38.993795884754903 ], [ -82.054029914055704, 39.018161322580497 ], [ -82.194796515618705, 38.80119782160309 ], [ -82.210661180332394, 38.579480088854801 ], [ -82.340834113275605, 38.440832221015697 ], [ -82.589010179357302, 38.415433254544304 ], [ -82.5699674140577, 38.320193589830303 ], [ -82.580561082677605, 38.113281154933709 ], [ -82.461498582677095, 37.9571666529799 ], [ -82.413336147781095, 37.805315456690302 ], [ -82.267298550124295, 37.675659288069902 ], [ -82.167278815423302, 37.554478054345502 ], [ -81.972536180331403, 37.535952053368909 ], [ -81.928094448560415, 37.3660916204255 ] ] ] } },
{ "type": "Feature", "properties": { "name": "South Carolina", "name_alt": "SC|S.C.", "code_hasc": "US.SC", "statefp": 45, "statefp_nu": 45, "sq_mi": 31083.665, "pers_sq_mi": 152.1, "acs_14_5yr": "0400000US45", "total_pop": 4727273, "pop_16up": 3768421, "lab_for": 61.2, "employed": 53.9, "unemp_rate": 10.6, "hh_est": 1795715, "hh_med_inc": 45033, "hh_mea_inc": 61196 }, "geometry": { "type": "Polygon", "coordinates": [ [ [ -80.724086412588917, 32.152209741914476 ], [ -80.583165941725952, 32.27125816127635 ], [ -80.442245470862986, 32.390306580638224 ], [ -80.301325, 32.509355 ], [ -80.164105625, 32.590484375000095 ], [ -80.02688625, 32.671613750000098 ], [ -79.889666875, 32.752743125000094 ], [ -79.752447500000017, 32.833872500000098 ], [ -79.615228125, 32.915001875000101 ], [ -79.47800875, 32.99613125000009 ], [ -79.340789375, 33.0772606250001 ], [ -79.20357, 33.15839 ], [ -79.13212, 33.32617 ], [ -79.06067, 33.49395 ], [ -78.934031086501989, 33.585817955151725 ], [ -78.807392173003961, 33.677685910303452 ], [ -78.680753259505934, 33.76955386545518 ], [ -78.554114346007907, 33.8614218206069 ], [ -78.69394754201268, 33.979689795460871 ], [ -78.833780738017452, 34.097957770314849 ], [ -78.973613934022225, 34.216225745168828 ], [ -79.113447130026998, 34.334493720022799 ], [ -79.253280326031771, 34.45276169487677 ], [ -79.393113522036543, 34.571029669730748 ], [ -79.53294671804133, 34.689297644584727 ], [ -79.672779914046103, 34.807565619438698 ], [ -79.950463222966505, 34.810084845512918 ], [ -80.228146531886892, 34.812604071587145 ], [ -80.505829840807294, 34.81512329766138 ], [ -80.783513149727696, 34.8176425237356 ], [ -80.780851813464693, 34.934043687473107 ], [ -80.937483079741298, 35.103387356093599 ], [ -81.038019578765102, 35.037241522759899 ], [ -81.045977749338107, 35.1256082219791 ], [ -81.28012366405261, 35.148630072565055 ], [ -81.514269578767099, 35.171651923150996 ], [ -81.744856279207454, 35.173764197320985 ], [ -81.975442979647795, 35.175876471490952 ], [ -82.20602968008815, 35.177988745660926 ], [ -82.436616380528505, 35.1801010198309 ], [ -82.571556464350678, 35.137241878798804 ], [ -82.706496548172851, 35.094382737766701 ], [ -82.841436631995023, 35.051523596734597 ], [ -82.976376715817196, 35.008664455702501 ], [ -83.076370612302, 34.979028021783108 ], [ -83.185924648760803, 34.895958156874002 ], [ -83.346250779946303, 34.706512356091906 ], [ -83.211310696124144, 34.623429572074649 ], [ -83.076370612302, 34.540346788057398 ], [ -82.902815314449697, 34.479497789033701 ], [ -82.809681464351655, 34.321277472464104 ], [ -82.716547614253599, 34.163057155894499 ], [ -82.597485114253203, 33.985781154917198 ], [ -82.423387213861844, 33.8672483383477 ], [ -82.249289313470513, 33.748715521778202 ], [ -82.180507982090006, 33.624356187467903 ], [ -82.061975165520494, 33.542862453743552 ], [ -81.943442348950995, 33.461368720019202 ], [ -81.827015346997399, 33.223243720018402 ], [ -81.66720598013481, 33.12243591972495 ], [ -81.507396613272206, 33.021628119431497 ], [ -81.435953945628697, 32.793037421188401 ], [ -81.3767069160061, 32.682449856083799 ], [ -81.411097581696296, 32.608888454716407 ], [ -81.224829881500199, 32.4993602564738 ], [ -81.126412116200399, 32.3120331894157 ], [ -81.127988247385304, 32.121528021771709 ], [ -81.036443447580311, 32.084476019818403 ], [ -80.865006883451898, 32.033161322552601 ], [ -80.724086412588917, 32.152209741914476 ] ] ] } },
{ "type": "Feature", "properties": { "name": "District of Columbia", "name_alt": "DC|D.C.", "code_hasc": "US.DC", "statefp": 11, "statefp_nu": 11, "sq_mi": 61.747, "pers_sq_mi": 10263.4, "acs_14_5yr": "0400000US11", "total_pop": 633736, "pop_16up": 536771, "lab_for": 68.5, "employed": 60.7, "unemp_rate": 10.6, "hh_est": 267415, "hh_med_inc": 69235, "hh_mea_inc": 104615 }, "geometry": { "type": "Polygon", "coordinates": [ [ [ -76.9115789456106, 38.878454087879398 ], [ -77.038599616184101, 38.982168687489207 ], [ -77.119549864859493, 38.934006777648499 ], [ -77.0364799499512, 38.8482761383057 ], [ -77.041235015754296, 38.789544853649794 ], [ -76.9115789456106, 38.878454087879398 ] ] ] } },
{ "type": "Feature", "properties": { "name": "Maine", "name_alt": "ME|Maine", "code_hasc": "US.ME", "statefp": 23, "statefp_nu": 23, "sq_mi": 32427.794, "pers_sq_mi": 41.0, "acs_14_5yr": "0400000US23", "total_pop": 1328535, "pop_16up": 1095219, "lab_for": 63.9, "employed": 59.0, "unemp_rate": 7.4, "hh_est": 553086, "hh_med_inc": 48804, "hh_mea_inc": 64327 }, "geometry": { "type": "Polygon", "coordinates": [ [ [ -70.513343011679382, 43.238574989750326 ], [ -70.380952007786249, 43.387066659833557 ], [ -70.248561003893116, 43.535558329916775 ], [ -70.11617, 43.68405 ], [ -69.984148749999974, 43.721043750000014 ], [ -69.852127499999966, 43.758037500000029 ], [ -69.720106249999958, 43.795031250000036 ], [ -69.588085, 43.832025 ], [ -69.456063749999942, 43.869018750000066 ], [ -69.324042499999933, 43.906012500000074 ], [ -69.192021249999925, 43.943006250000089 ], [ -69.06, 43.980000000000111 ], [ -68.931564999999893, 44.023150000000101 ], [ -68.803129999999896, 44.066300000000105 ], [ -68.674695, 44.109450000000109 ], [ -68.54626, 44.152600000000106 ], [ -68.417825, 44.195750000000103 ], [ -68.28939, 44.2389000000001 ], [ -68.160955, 44.28205 ], [ -68.03252, 44.325200000000102 ], [ -67.899037499999906, 44.385762500000077 ], [ -67.765555, 44.446325 ], [ -67.632072499999936, 44.506887500000069 ], [ -67.49859, 44.56745 ], [ -67.365107499999965, 44.62801250000004 ], [ -67.231625, 44.688575 ], [ -67.0981425, 44.749137500000018 ], [ -66.96466, 44.8097 ], [ -67.051001756314406, 44.973575945319453 ], [ -67.137343512628803, 45.1374518906389 ], [ -67.300860663508374, 45.278735256524882 ], [ -67.464377814387944, 45.420018622410851 ], [ -67.627894965267529, 45.561301988296833 ], [ -67.7914121161471, 45.702585354182801 ], [ -67.790352749285105, 47.066248887717002 ], [ -67.901340806739952, 47.138343970318203 ], [ -68.012328864194799, 47.210439052919398 ], [ -68.123316921649646, 47.282534135520599 ], [ -68.234304979104493, 47.354629218121801 ], [ -68.40192394679724, 47.312170569439957 ], [ -68.569542914490015, 47.269711920758098 ], [ -68.737161882182747, 47.227253272076254 ], [ -68.904780849875493, 47.184794623394403 ], [ -69.070933498801907, 47.316285305361149 ], [ -69.237086147728306, 47.447775987327901 ], [ -69.332467922631054, 47.353450349510133 ], [ -69.427849697533787, 47.259124711692358 ], [ -69.523231472436521, 47.164799073874576 ], [ -69.618613247339255, 47.070473436056801 ], [ -69.713995022241988, 46.976147798239019 ], [ -69.809376797144722, 46.881822160421251 ], [ -69.904758572047456, 46.787496522603476 ], [ -70.000140346950204, 46.693170884785708 ], [ -70.076343705918603, 46.498576819436622 ], [ -70.152547064887003, 46.303982754087549 ], [ -70.228750423855402, 46.109388688738484 ], [ -70.304953782823802, 45.914794623389398 ], [ -70.393720974393162, 45.801151689225541 ], [ -70.482488165962508, 45.6875087550617 ], [ -70.571255357531854, 45.573865820897858 ], [ -70.6600225491012, 45.460222886734002 ], [ -70.872421274550589, 45.382731443367 ], [ -71.08482, 45.30524 ], [ -71.049656353014512, 44.845514855796075 ], [ -71.014492706029046, 44.385789711592153 ], [ -70.979329059043579, 43.926064567388224 ], [ -70.944165412058098, 43.466339423184301 ], [ -70.981760016550396, 43.367895819668298 ], [ -70.889685533314349, 43.293817653977896 ], [ -70.797611050078302, 43.219739488287509 ], [ -70.751024746367193, 43.080032253586403 ], [ -70.645734015572501, 43.090083319667102 ], [ -70.513343011679382, 43.238574989750326 ] ] ] } },
{ "type": "Feature", "properties": { "name": "Tennessee", "name_alt": "TN|Tenn.", "code_hasc": "US.TN", "statefp": 47, "statefp_nu": 47, "sq_mi": 42073.974, "pers_sq_mi": 153.3, "acs_14_5yr": "0400000US47", "total_pop": 6451365, "pop_16up": 5125250, "lab_for": 61.4, "employed": 55.3, "unemp_rate": 9.5, "hh_est": 2487349, "hh_med_inc": 44621, "hh_mea_inc": 62344 }, "geometry": { "type": "Polygon", "coordinates": [ [ [ -90.00291164829973, 35.02096344658792 ], [ -89.756583014672458, 35.021092637668644 ], [ -89.510254381045172, 35.021221828749376 ], [ -89.2639257474179, 35.021351019830099 ], [ -88.98968538079896, 35.015931453993502 ], [ -88.715445014180006, 35.010511888156898 ], [ -88.441204647561051, 35.005092322320294 ], [ -88.166964280942096, 34.999672756483697 ], [ -88.009803331234437, 34.99960493116631 ], [ -87.852642381526778, 34.99953710584893 ], [ -87.695481431819104, 34.999469280531535 ], [ -87.538320482111445, 34.999401455214141 ], [ -87.381159532403785, 34.999333629896768 ], [ -87.223998582696112, 34.99926580457938 ], [ -87.066837632988452, 34.999197979261986 ], [ -86.909676683280793, 34.999130153944598 ], [ -86.749140616589074, 34.997476508111269 ], [ -86.588604549897369, 34.995822862277919 ], [ -86.428068483205664, 34.994169216444583 ], [ -86.267532416513944, 34.992515570611246 ], [ -86.106996349822225, 34.99086192477791 ], [ -85.94646028313052, 34.989208278944574 ], [ -85.785924216438815, 34.987554633111237 ], [ -85.625388149747096, 34.985900987277894 ], [ -85.432635057298398, 34.983653062473202 ], [ -85.239881964849701, 34.981405137668503 ], [ -85.047128872401004, 34.979157212863797 ], [ -84.854375779952306, 34.976909288059105 ], [ -84.587673712893945, 34.9819348210995 ], [ -84.320971645835598, 34.986960354139903 ], [ -84.298750779950097, 35.1986270208074 ], [ -84.0870841132826, 35.261594753555102 ], [ -84.017760179362995, 35.369004218073698 ], [ -83.875960049154102, 35.490211290014294 ], [ -83.673285081705401, 35.516669623347802 ], [ -83.438338182290394, 35.562687486303702 ], [ -83.209721645831095, 35.648961290015002 ], [ -83.1107871162084, 35.737327989234103 ], [ -82.920281948564394, 35.817219753557303 ], [ -82.925578782874297, 35.889721788062793 ], [ -82.799901699540442, 35.95745667168935 ], [ -82.674224616206601, 36.025191555315907 ], [ -82.593247646805295, 35.9373416204199 ], [ -82.408568996902204, 36.031534837379851 ], [ -82.223890346999099, 36.125728054339802 ], [ -82.051394416008804, 36.106142686501194 ], [ -81.897398647778999, 36.27391022393671 ], [ -81.693664313468318, 36.317292588845703 ], [ -81.704774746411104, 36.460152085916597 ], [ -81.679375779939605, 36.585570787088997 ], [ -81.932848680331261, 36.575778103169696 ], [ -82.186321580722904, 36.565985419250403 ], [ -82.372191909248428, 36.570219654436016 ], [ -82.558062237773953, 36.574453889621623 ], [ -82.743932566299492, 36.578688124807236 ], [ -82.929802894825002, 36.58292235999285 ], [ -83.115673223350527, 36.58715659517847 ], [ -83.301543551876051, 36.591390830364077 ], [ -83.487413880401576, 36.595625065549683 ], [ -83.673284208927114, 36.599859300735304 ], [ -83.528822738008444, 36.628177674354447 ], [ -83.384361267089801, 36.656496047973597 ], [ -83.3305924392278, 36.672660673632102 ], [ -83.384362148761497, 36.656496690409597 ], [ -83.528823615233449, 36.628178005513654 ], [ -83.673285081705401, 36.599859320617711 ], [ -83.842486640137082, 36.59165568699138 ], [ -84.011688198568748, 36.58345205336505 ], [ -84.180889757000415, 36.57524841973872 ], [ -84.350091315432095, 36.567044786112398 ], [ -84.570355648522167, 36.577761186258925 ], [ -84.790619981612252, 36.588477586405446 ], [ -85.010884314702324, 36.599193986551974 ], [ -85.231148647792409, 36.609910386698502 ], [ -85.519012213874205, 36.5977405868937 ], [ -85.805816413094107, 36.611757819152899 ], [ -86.092620612313993, 36.625775051412099 ], [ -86.238935970794415, 36.627764594055314 ], [ -86.385251329274837, 36.629754136698551 ], [ -86.531566687755259, 36.631743679341781 ], [ -86.677882046235695, 36.633733221984997 ], [ -86.947232530449, 36.636368720031896 ], [ -87.216583014662305, 36.63900421807881 ], [ -87.372949439223476, 36.631995601949228 ], [ -87.52931586378466, 36.624986985819646 ], [ -87.685682288345831, 36.617978369690071 ], [ -87.842048712907001, 36.610969753560497 ], [ -87.874346483089397, 36.656496690409597 ], [ -88.072783983090204, 36.654377956685607 ], [ -88.069605882504206, 36.497204087869903 ], [ -88.248199632504907, 36.498328050272256 ], [ -88.426793382505636, 36.499452012674602 ], [ -88.605387132506337, 36.500575975076956 ], [ -88.783980882507052, 36.501699937479302 ], [ -88.962574632507767, 36.502823899881648 ], [ -89.141168382508482, 36.503947862284001 ], [ -89.319762132509197, 36.505071824686354 ], [ -89.498355882509898, 36.506195787088707 ], [ -89.524271613304293, 36.409354152973698 ], [ -89.585120612327998, 36.267011420225806 ], [ -89.662919481143405, 36.023072821592002 ], [ -89.673513149763295, 35.940002956682797 ], [ -89.775109015649093, 35.799236355119703 ], [ -89.950266282902405, 35.701877956681798 ], [ -89.988894416040594, 35.536229152970193 ], [ -90.147101813502104, 35.404996853165002 ], [ -90.134932013697394, 35.113955186497208 ], [ -90.249240281927001, 35.020834255507197 ], [ -90.00291164829973, 35.02096344658792 ] ] ] } },
{ "type": "Feature", "properties": { "name": "Rhode Island", "name_alt": "State of Rhode Island and Providence Plantations|RI|R.I.", "code_hasc": "US.RI", "statefp": 44, "statefp_nu": 44, "sq_mi": 1056.27, "pers_sq_mi": 997.1, "acs_14_5yr": "0400000US44", "total_pop": 1053252, "pop_16up": 862851, "lab_for": 65.9, "employed": 59.3, "unemp_rate": 9.5, "hh_est": 409569, "hh_med_inc": 56423, "hh_mea_inc": 76618 }, "geometry": { "type": "Polygon", "coordinates": [ [ [ -71.67046474881235, 41.363689988768343 ], [ -71.487103847932701, 41.407343654946899 ], [ -71.303742947053053, 41.450997321125449 ], [ -71.120382046173404, 41.494650987303999 ], [ -71.147899746368793, 41.647587388671802 ], [ -71.305073615184597, 41.762412421224298 ], [ -71.379151780875006, 42.024360256511798 ], [ -71.590030381950044, 42.018805040040448 ], [ -71.800908983025096, 42.013249823569105 ], [ -71.792950812452105, 41.466616522785607 ], [ -71.853825649691998, 41.320036322589793 ], [ -71.67046474881235, 41.363689988768343 ] ] ] } },
{ "type": "Feature", "properties": { "name": "Louisiana", "name_alt": "LA", "code_hasc": "US.LA", "statefp": 22, "statefp_nu": 22, "sq_mi": 45923.687, "pers_sq_mi": 100.2, "acs_14_5yr": "0400000US22", "total_pop": 4601049, "pop_16up": 3610029, "lab_for": 61.1, "employed": 55.5, "unemp_rate": 8.7, "hh_est": 1718876, "hh_med_inc": 44991, "hh_mea_inc": 63565 }, "geometry": { "type": "Polygon", "coordinates": [ [ [ -94.029332546753295, 32.477384853641546 ], [ -93.9989080472414, 31.942650051393297 ], [ -93.834861212930903, 31.829943752564805 ], [ -93.779309048217101, 31.675431220012207 ], [ -93.694120449584005, 31.443662421182999 ], [ -93.578236050169394, 31.216131089801905 ], [ -93.489843512734197, 31.079601955686901 ], [ -93.586168382526296, 30.713939520789602 ], [ -93.650195482135899, 30.605470689408907 ], [ -93.737502814492998, 30.366803086868796 ], [ -93.664484015664598, 30.300140489212303 ], [ -93.667119513711597, 30.100643622349704 ], [ -93.816877814493395, 29.968351955682401 ], [ -93.918473680379094, 29.821771755486601 ], [ -93.84842, 29.713630000000101 ], [ -93.6929075, 29.731160000000102 ], [ -93.537395, 29.74869 ], [ -93.3818825, 29.766220000000104 ], [ -93.22637, 29.783750000000101 ], [ -93.0445425, 29.725887500000109 ], [ -92.862715, 29.668025000000103 ], [ -92.680887500000011, 29.610162500000097 ], [ -92.49906, 29.5523 ], [ -92.280991249999971, 29.583475 ], [ -92.062922499999971, 29.614650000000101 ], [ -91.844853749999928, 29.645825000000102 ], [ -91.626784999999899, 29.677000000000103 ], [ -91.440145, 29.544883750000075 ], [ -91.253505, 29.412767500000047 ], [ -91.066865, 29.28065125000003 ], [ -90.880225, 29.148535 ], [ -90.698826249999968, 29.140758750000025 ], [ -90.51742749999994, 29.132982500000043 ], [ -90.336028749999912, 29.125206250000073 ], [ -90.154629999999898, 29.117430000000102 ], [ -89.966954999999899, 29.212285 ], [ -89.77928, 29.30714 ], [ -89.593833606944855, 29.233455409805696 ], [ -89.408387213889796, 29.159770819611396 ], [ -89.21767, 29.2910800000001 ], [ -89.323835, 29.38986 ], [ -89.43, 29.48864 ], [ -89.413735, 29.89419 ], [ -89.503718563678149, 30.027116352954504 ], [ -89.593702127356394, 30.160042705908999 ], [ -89.593831178419705, 30.1599940048368 ], [ -89.593929139029797, 30.160378054194801 ], [ -89.604705980166599, 30.176297919224901 ], [ -89.623231981143206, 30.275258287063796 ], [ -89.658682013695497, 30.440881252559304 ], [ -89.790456916039702, 30.556791490189902 ], [ -89.853941413110306, 30.683243720008104 ], [ -89.787795579776713, 30.847290554318601 ], [ -89.759218512719301, 31.013456122353297 ], [ -89.994830746200051, 31.013985805784277 ], [ -90.230442979680802, 31.014515489215253 ], [ -90.466055213161553, 31.015045172646225 ], [ -90.701667446642304, 31.015574856077205 ], [ -90.922196621447881, 31.023513647988032 ], [ -91.142725796253444, 31.03145243989885 ], [ -91.363254971059021, 31.039391231809677 ], [ -91.583784145864598, 31.047330023720505 ], [ -91.624531012726806, 31.297082220987104 ], [ -91.502290412140397, 31.408729152953804 ], [ -91.411288214874304, 31.650032253540694 ], [ -91.321319546254202, 31.859580186484301 ], [ -91.128178880563297, 32.015694688437897 ], [ -91.081618415068405, 32.204597886680901 ], [ -90.942970547229194, 32.306736355105699 ], [ -91.072084113310495, 32.478715521773204 ], [ -91.030820482125506, 32.602532253544403 ], [ -91.175798712920297, 32.808385321579202 ], [ -91.084796515654304, 32.952846788050998 ], [ -91.156239183297799, 33.010000922165901 ], [ -91.367505357615073, 33.018469397507701 ], [ -91.578771531932361, 33.026937872849501 ], [ -91.79003770624962, 33.035406348191302 ], [ -92.001303880566894, 33.043874823533102 ], [ -92.274484880323826, 33.035535539272026 ], [ -92.547665880080757, 33.027196255010949 ], [ -92.820846879837688, 33.018856970749873 ], [ -93.094027879594606, 33.010517686488797 ], [ -93.335460171262255, 33.010918178839049 ], [ -93.576892462929905, 33.011318671189301 ], [ -93.818324754597555, 33.011719163539553 ], [ -94.059757046265204, 33.012119655889798 ], [ -94.029332546753295, 32.477384853641546 ] ] ] } },
{ "type": "Feature", "properties": { "name": "North Dakota", "name_alt": "ND|N.D.", "code_hasc": "US.ND", "statefp": 38, "statefp_nu": 38, "sq_mi": 70487.528, "pers_sq_mi": 10.000000000000002, "acs_14_5yr": "0400000US38", "total_pop": 704925, "pop_16up": 563755, "lab_for": 70.5, "employed": 67.4, "unemp_rate": 3.1, "hh_est": 292616, "hh_med_inc": 55579, "hh_mea_inc": 73272 }, "geometry": { "type": "Polygon", "coordinates": [ [ [ -97.441503147658068, 49.001017742501645 ], [ -97.654062847671128, 49.001150163359398 ], [ -97.866622547684187, 49.001282584217144 ], [ -98.079182247697247, 49.001415005074904 ], [ -98.291741947710307, 49.001547425932657 ], [ -98.504301647723366, 49.001679846790402 ], [ -98.716861347736426, 49.001812267648148 ], [ -98.9294210477495, 49.001944688505901 ], [ -99.141980747762574, 49.002077109363654 ], [ -99.354540447775648, 49.0022095302214 ], [ -99.567100147788693, 49.002341951079146 ], [ -99.779659847801753, 49.002474371936906 ], [ -99.992219547814813, 49.002606792794651 ], [ -100.204779247827872, 49.002739213652411 ], [ -100.417338947840932, 49.002871634510164 ], [ -100.629898647854006, 49.003004055367903 ], [ -100.84632762073494, 49.003168773995824 ], [ -101.062756593615887, 49.003333492623753 ], [ -101.279185566496821, 49.003498211251681 ], [ -101.495614539377755, 49.00366292987961 ], [ -101.712043512258688, 49.003827648507524 ], [ -101.928472485139622, 49.003992367135453 ], [ -102.14490145802057, 49.004157085763381 ], [ -102.361330430901504, 49.004321804391303 ], [ -102.577759403782437, 49.004486523019224 ], [ -102.794188376663385, 49.004651241647153 ], [ -103.010617349544319, 49.004815960275081 ], [ -103.227046322425267, 49.004980678903003 ], [ -103.443475295306186, 49.005145397530924 ], [ -103.65990426818712, 49.005310116158853 ], [ -103.876333241068068, 49.005474834786781 ], [ -104.092762213949001, 49.00563955341471 ], [ -104.085088263753505, 48.088602505071201 ], [ -104.077414313557995, 47.171565456727706 ], [ -104.052015347086495, 46.56408315692061 ], [ -104.026616380614996, 45.9566008571135 ], [ -103.787897101642614, 45.957195136084842 ], [ -103.549177822670245, 45.957789415056197 ], [ -103.310458543697877, 45.958383694027546 ], [ -103.071739264725494, 45.958977972998895 ], [ -102.833019985753126, 45.959572251970251 ], [ -102.594300706780757, 45.960166530941592 ], [ -102.355581427808374, 45.960760809912948 ], [ -102.116862148836006, 45.961355088884297 ], [ -101.860611640208759, 45.961881542538272 ], [ -101.604361131581499, 45.962407996192255 ], [ -101.348110622954252, 45.96293444984623 ], [ -101.091860114327005, 45.963460903500199 ], [ -100.835609605699759, 45.963987357154174 ], [ -100.579359097072512, 45.96451381080815 ], [ -100.323108588445251, 45.965040264462118 ], [ -100.066858079818005, 45.965566718116101 ], [ -99.863724484032673, 45.965301876400602 ], [ -99.660590888247327, 45.965037034685089 ], [ -99.457457292461982, 45.964772192969598 ], [ -99.25432369667665, 45.964507351254099 ], [ -99.051190100891318, 45.9642425095386 ], [ -98.848056505105973, 45.963977667823102 ], [ -98.644922909320627, 45.963712826107596 ], [ -98.441789313535295, 45.963447984392104 ], [ -98.20399698056724, 45.970262813900604 ], [ -97.96620464759917, 45.977077643409118 ], [ -97.7284123146311, 45.983892472917631 ], [ -97.490619981663045, 45.990707302426145 ], [ -97.252827648694989, 45.997522131934659 ], [ -97.015035315726934, 46.004336961443173 ], [ -96.77724298275885, 46.011151790951693 ], [ -96.539450649790794, 46.017966620460207 ], [ -96.538908047251695, 46.199480088885402 ], [ -96.601359015676394, 46.351357123391089 ], [ -96.685488247447594, 46.513285223977704 ], [ -96.733650682343594, 46.716476955749293 ], [ -96.745820482148304, 46.944525051453304 ], [ -96.779694383515604, 46.999043687521301 ], [ -96.820415412161694, 47.292204087913099 ], [ -96.824652879609602, 47.426614488304303 ], [ -96.844238247448203, 47.546193752627708 ], [ -96.893976813529093, 47.748868720076409 ], [ -97.015158047253493, 47.954205023788099 ], [ -97.131042446668104, 48.137294623398198 ], [ -97.148509080782702, 48.318782253607303 ], [ -97.161221483126496, 48.514584255561211 ], [ -97.127347581759196, 48.642121690457593 ], [ -97.120474616264403, 48.758522854195 ], [ -97.214138149793399, 48.902441718127903 ], [ -97.228943447644994, 49.000885321643906 ], [ -97.441503147658068, 49.001017742501645 ] ] ] } },
{ "type": "Feature", "properties": { "name": "Colorado", "name_alt": "CO|Colo.", "code_hasc": "US.CO", "statefp": 8, "statefp_nu": 8, "sq_mi": 104586.323, "pers_sq_mi": 49.7, "acs_14_5yr": "0400000US08", "total_pop": 5197580, "pop_16up": 4094922, "lab_for": 68.7, "employed": 62.5, "unemp_rate": 7.9, "hh_est": 1998314, "hh_med_inc": 59448, "hh_mea_inc": 79990 }, "geometry": { "type": "Polygon", "coordinates": [ [ [ -102.050173712963996, 40.033086452792901 ], [ -102.048054979240007, 41.004112453773402 ], [ -102.297690904533994, 41.004112453773402 ], [ -102.547326829827995, 41.004112453773402 ], [ -102.796962755121996, 41.004112453773409 ], [ -103.046598680415997, 41.004112453773409 ], [ -103.296234605710012, 41.004112453773402 ], [ -103.545870531003999, 41.004112453773402 ], [ -103.795506456298014, 41.004112453773402 ], [ -104.045142381592001, 41.004112453773402 ], [ -104.232929691875128, 41.004013945574343 ], [ -104.420717002158256, 41.003915437375284 ], [ -104.608504312441383, 41.003816929176239 ], [ -104.796291622724496, 41.003718420977179 ], [ -104.984078933007623, 41.00361991277812 ], [ -105.171866243290737, 41.003521404579061 ], [ -105.359653553573864, 41.003422896380009 ], [ -105.547440863856991, 41.00332438818095 ], [ -105.735228174140119, 41.003225879981898 ], [ -105.923015484423246, 41.003127371782838 ], [ -106.110802794706373, 41.003028863583779 ], [ -106.298590104989501, 41.00293035538472 ], [ -106.486377415272628, 41.002831847185661 ], [ -106.674164725555769, 41.002733338986609 ], [ -106.861952035838868, 41.002634830787564 ], [ -107.049739346121996, 41.002536322588497 ], [ -107.30004060548174, 41.002536322588497 ], [ -107.550341864841499, 41.002536322588497 ], [ -107.800643124201258, 41.002536322588497 ], [ -108.050944383561003, 41.002536322588497 ], [ -108.301504025082025, 41.00240067195373 ], [ -108.552063666603004, 41.002265021318948 ], [ -108.802623308123998, 41.002129370684173 ], [ -109.053182949645006, 41.001993720049398 ], [ -109.049203864359001, 39.000953070627304 ], [ -109.045224779072996, 36.999912421205195 ], [ -108.849568117084871, 36.999912421205202 ], [ -108.653911455096747, 36.999912421205224 ], [ -108.458254793108622, 36.999912421205238 ], [ -108.262598131120512, 36.999912421205252 ], [ -108.066941469132374, 36.999912421205259 ], [ -107.871284807144249, 36.999912421205281 ], [ -107.675628145156125, 36.999912421205295 ], [ -107.479971483168001, 36.999912421205302 ], [ -107.282457699394371, 36.999582983949452 ], [ -107.084943915620769, 36.999253546693595 ], [ -106.887430131847125, 36.998924109437759 ], [ -106.689916348073496, 36.998594672181902 ], [ -106.492402564299894, 36.998265234926052 ], [ -106.29488878052625, 36.997935797670202 ], [ -106.09737499675262, 36.997606360414352 ], [ -105.899861212979019, 36.997276923158502 ], [ -105.687403250941998, 36.99714127252372 ], [ -105.474945288905019, 36.997005621888931 ], [ -105.262487326868012, 36.996869971254142 ], [ -105.050029364831005, 36.996734320619353 ], [ -104.837571402793998, 36.996598669984564 ], [ -104.625113440757005, 36.996463019349775 ], [ -104.412655478720012, 36.996327368714987 ], [ -104.200197516683005, 36.996191718080198 ], [ -104.05057486653601, 36.996062526999474 ], [ -103.900952216389001, 36.99593333591875 ], [ -103.751329566241992, 36.995804144838026 ], [ -103.601706916094997, 36.995674953757302 ], [ -103.452084265948002, 36.995545762676578 ], [ -103.302461615801008, 36.995416571595854 ], [ -103.152838965654013, 36.995287380515123 ], [ -103.003216315507004, 36.995158189434399 ], [ -102.762707740066503, 36.994363664287917 ], [ -102.522199164626002, 36.993569139141449 ], [ -102.281690589185501, 36.992774613994982 ], [ -102.041182013745001, 36.9919800888485 ], [ -102.040122646883006, 38.459874986315299 ], [ -102.050173712963996, 40.000814520826601 ], [ -102.050173712963996, 40.033086452792901 ] ] ] } },
{ "type": "Feature", "properties": { "name": "Georgia", "name_alt": "GA|Ga.", "code_hasc": "US.GA", "statefp": 13, "statefp_nu": 13, "sq_mi": 58836.038, "pers_sq_mi": 168.4, "acs_14_5yr": "0400000US13", "total_pop": 9907756, "pop_16up": 7693577, "lab_for": 63.3, "employed": 55.9, "unemp_rate": 10.8, "hh_est": 3540690, "hh_med_inc": 49342, "hh_mea_inc": 68317 }, "geometry": { "type": "Polygon", "coordinates": [ [ [ -84.929254930343149, 30.856023871376053 ], [ -84.853316413090198, 30.721355088823504 ], [ -84.601962246422573, 30.709844163530452 ], [ -84.350608079754949, 30.698333238237396 ], [ -84.099253913087324, 30.686822312944351 ], [ -83.847899746419699, 30.675311387651305 ], [ -83.645163413207612, 30.656591600053574 ], [ -83.442427079995525, 30.637871812455849 ], [ -83.239690746783438, 30.619152024858124 ], [ -83.036954413571365, 30.600432237260399 ], [ -82.834218080359264, 30.581712449662675 ], [ -82.631481747147177, 30.562992662064957 ], [ -82.42874541393509, 30.544272874467232 ], [ -82.226009080723003, 30.5255530868695 ], [ -82.151930915032594, 30.3509384221551 ], [ -82.022817348951307, 30.440364488236401 ], [ -82.020156012688304, 30.7880176864799 ], [ -81.899517381502903, 30.821891587847304 ], [ -81.701596645825106, 30.748330186479802 ], [ -81.490472581696594, 30.729830023719209 ], [ -81.413381290848292, 31.085160011859649 ], [ -81.33629, 31.440490000000104 ], [ -81.218469220862971, 31.58865783063823 ], [ -81.100648441725951, 31.736825661276349 ], [ -80.982827662588932, 31.884993491914479 ], [ -80.865006883451898, 32.033161322552601 ], [ -81.036443447580311, 32.084476019818403 ], [ -81.127988247385304, 32.121528021771709 ], [ -81.126412116200399, 32.3120331894157 ], [ -81.224829881500199, 32.4993602564738 ], [ -81.411097581696296, 32.608888454716407 ], [ -81.3767069160061, 32.682449856083799 ], [ -81.435953945628697, 32.793037421188401 ], [ -81.507396613272206, 33.021628119431497 ], [ -81.66720598013481, 33.12243591972495 ], [ -81.827015346997399, 33.223243720018402 ], [ -81.943442348950995, 33.461368720019202 ], [ -82.061975165520494, 33.542862453743552 ], [ -82.180507982090006, 33.624356187467903 ], [ -82.249289313470513, 33.748715521778202 ], [ -82.423387213861844, 33.8672483383477 ], [ -82.597485114253203, 33.985781154917198 ], [ -82.716547614253599, 34.163057155894499 ], [ -82.809681464351655, 34.321277472464104 ], [ -82.902815314449697, 34.479497789033701 ], [ -83.076370612302, 34.540346788057398 ], [ -83.211310696124144, 34.623429572074649 ], [ -83.346250779946303, 34.706512356091906 ], [ -83.185924648760803, 34.895958156874002 ], [ -83.076370612302, 34.979028021783108 ], [ -83.231945741493689, 34.980019563327701 ], [ -83.387520870685407, 34.981011104872302 ], [ -83.543095999877096, 34.982002646416902 ], [ -83.698671129068799, 34.982994187961502 ], [ -83.854246258260503, 34.983985729506102 ], [ -84.009821387452206, 34.984977271050703 ], [ -84.165396516643909, 34.985968812595303 ], [ -84.320971645835598, 34.986960354139903 ], [ -84.587673712893945, 34.9819348210995 ], [ -84.854375779952306, 34.976909288059105 ], [ -85.047128872401004, 34.979157212863797 ], [ -85.239881964849701, 34.981405137668503 ], [ -85.432635057298398, 34.983653062473202 ], [ -85.625388149747096, 34.985900987277894 ], [ -85.5604308743562, 34.675545254040998 ], [ -85.495473598965305, 34.365189520804101 ], [ -85.430516323574409, 34.054833787567205 ], [ -85.365559048183499, 33.744478054330301 ], [ -85.306557481614263, 33.496037146533084 ], [ -85.247555915044998, 33.247596238735859 ], [ -85.188554348475748, 32.999155330938628 ], [ -85.129552781906497, 32.750714423141403 ], [ -85.05785173210154, 32.59434153902621 ], [ -84.986150682296596, 32.437968654911003 ], [ -84.898843349939497, 32.259116522748805 ], [ -85.0639237128958, 32.083416652956402 ], [ -85.119501715825805, 31.765399888632196 ], [ -85.065525682296894, 31.577013454712201 ], [ -85.090382046229294, 31.400280056274102 ], [ -85.117899746424698, 31.236233221963399 ], [ -85.054415249354193, 31.108695787067102 ], [ -85.005193447596113, 30.990692653928601 ], [ -84.929254930343149, 30.856023871376053 ] ] ] } },
{ "type": "Feature", "properties": { "name": "Wyoming", "name_alt": "WY|Wyo.", "code_hasc": "US.WY", "statefp": 56, "statefp_nu": 56, "sq_mi": 97942.313, "pers_sq_mi": 5.9, "acs_14_5yr": "0400000US56", "total_pop": 575251, "pop_16up": 453096, "lab_for": 68.4, "employed": 64.3, "unemp_rate": 5.2, "hh_est": 225514, "hh_med_inc": 58252, "hh_mea_inc": 72367 }, "geometry": { "type": "Polygon", "coordinates": [ [ [ -111.049727749458, 44.488163357107602 ], [ -111.050244513780996, 42.001596788087198 ], [ -111.054481981229003, 41.027935289059904 ], [ -110.804319602280998, 41.024692592933583 ], [ -110.554157223333007, 41.021449896807269 ], [ -110.303994844385016, 41.018207200680955 ], [ -110.053832465437011, 41.014964504554641 ], [ -109.803670086489007, 41.011721808428341 ], [ -109.553507707541002, 41.008479112302027 ], [ -109.303345328593011, 41.005236416175705 ], [ -109.053182949645006, 41.001993720049398 ], [ -108.802623308123998, 41.002129370684173 ], [ -108.552063666603004, 41.002265021318948 ], [ -108.301504025082025, 41.00240067195373 ], [ -108.050944383561003, 41.002536322588497 ], [ -107.800643124201258, 41.002536322588497 ], [ -107.550341864841499, 41.002536322588497 ], [ -107.30004060548174, 41.002536322588497 ], [ -107.049739346121996, 41.002536322588497 ], [ -106.861952035838868, 41.002634830787564 ], [ -106.674164725555769, 41.002733338986609 ], [ -106.486377415272628, 41.002831847185661 ], [ -106.298590104989501, 41.00293035538472 ], [ -106.110802794706373, 41.003028863583779 ], [ -105.923015484423246, 41.003127371782838 ], [ -105.735228174140119, 41.003225879981898 ], [ -105.547440863856991, 41.00332438818095 ], [ -105.359653553573864, 41.003422896380009 ], [ -105.171866243290737, 41.003521404579061 ], [ -104.984078933007623, 41.00361991277812 ], [ -104.796291622724496, 41.003718420977179 ], [ -104.608504312441383, 41.003816929176239 ], [ -104.420717002158256, 41.003915437375284 ], [ -104.232929691875128, 41.004013945574343 ], [ -104.045142381592001, 41.004112453773402 ], [ -104.052557949625012, 43.000140489263103 ], [ -104.065257432860989, 44.020375372893497 ], [ -104.077956916096994, 45.040610256523898 ], [ -104.286448711955614, 45.041931235324355 ], [ -104.494940507814249, 45.04325221412482 ], [ -104.703432303672869, 45.044573192925284 ], [ -104.91192409953149, 45.045894171725749 ], [ -105.120415895390124, 45.047215150526213 ], [ -105.328907691248745, 45.048536129326685 ], [ -105.537399487107365, 45.049857108127149 ], [ -105.745891282965999, 45.0511780869276 ], [ -105.970984132698248, 45.050515982638849 ], [ -106.196076982430498, 45.049853878350099 ], [ -106.421169832162747, 45.049191774061356 ], [ -106.646262681894996, 45.048529669772599 ], [ -106.871355531627245, 45.047867565483848 ], [ -107.096448381359494, 45.047205461195098 ], [ -107.321541231091743, 45.046543356906348 ], [ -107.54663408082402, 45.045881252617598 ], [ -107.741102184869391, 45.047273286512485 ], [ -107.935570288914761, 45.048665320407352 ], [ -108.130038392960131, 45.050057354302226 ], [ -108.324506497005501, 45.051449388197099 ], [ -108.518974601050871, 45.052841422091966 ], [ -108.713442705096242, 45.054233455986854 ], [ -108.907910809141612, 45.05562548988172 ], [ -109.102378913186996, 45.057017523776608 ], [ -109.348507300639255, 45.056090577772366 ], [ -109.5946356880915, 45.055163631768124 ], [ -109.840764075543746, 45.05423668576389 ], [ -110.086892462995991, 45.053309739759655 ], [ -110.333020850448236, 45.05238279375542 ], [ -110.579149237900495, 45.051455847751178 ], [ -110.825277625352754, 45.050528901746944 ], [ -111.071406012804999, 45.049601955742709 ], [ -111.067194383572996, 44.541596788097401 ], [ -111.085177782010007, 44.506146755545203 ], [ -111.049727749458, 44.488163357107602 ] ] ] } },
{ "type": "Feature", "properties": { "name": "Illinois", "name_alt": "IL|Ill.", "code_hasc": "US.IL", "statefp": 17, "statefp_nu": 17, "sq_mi": 57981.771, "pers_sq_mi": 221.9, "acs_14_5yr": "0400000US17", "total_pop": 12868747, "pop_16up": 10170489, "lab_for": 66.1, "employed": 59.3, "unemp_rate": 10.000000000000002, "hh_est": 4778633, "hh_med_inc": 57166, "hh_mea_inc": 78521 }, "geometry": { "type": "Polygon", "coordinates": [ [ [ -91.517638312531005, 40.119877020827097 ], [ -91.428212246450002, 39.820903021802501 ], [ -91.345400763702258, 39.717976487785158 ], [ -91.262589280954501, 39.615049953767802 ], [ -91.16707831497105, 39.530119737296104 ], [ -91.0715673489876, 39.445189520824407 ], [ -90.956471015165505, 39.377984320628855 ], [ -90.841374681343396, 39.310779120433303 ], [ -90.749287278999304, 39.265278021800292 ], [ -90.665700649767203, 39.074772854156301 ], [ -90.649810146837495, 38.907547919259805 ], [ -90.535527716824021, 38.865767523751799 ], [ -90.346598680364906, 38.930311387684299 ], [ -90.251346096542903, 38.849877020821999 ], [ -90.156093512720901, 38.7694426539597 ], [ -90.212730882512801, 38.584776923164704 ], [ -90.305335049179803, 38.439256089830799 ], [ -90.369878913112402, 38.263556220038403 ], [ -90.228078782903509, 38.113281154933702 ], [ -90.030158047225598, 37.971997789047698 ], [ -89.916909145858014, 37.968277085922701 ], [ -89.785948147322316, 37.858477586410551 ], [ -89.654987148786617, 37.748678086898401 ], [ -89.5539080472237, 37.719041652979001 ], [ -89.479287278994207, 37.477221788069109 ], [ -89.516339280947506, 37.326920884748198 ], [ -89.388285081728299, 37.081406154929503 ], [ -89.280333014670504, 37.107347723940102 ], [ -89.103057013693302, 36.952292588848302 ], [ -89.141685146831406, 37.10362702081499 ], [ -89.073963182312895, 37.200468654929999 ], [ -88.8077778795775, 37.146492621401194 ], [ -88.566474778990596, 37.0538884547341 ], [ -88.435242479185405, 37.136441555320403 ], [ -88.473870612323594, 37.354981187482693 ], [ -88.247398647804403, 37.438593654930997 ], [ -88.071724616228195, 37.511612453759398 ], [ -88.1574299791843, 37.6058185898275 ], [ -88.044206916032806, 37.7449832219895 ], [ -88.051079881527599, 37.819603990219001 ], [ -88.018807949561307, 38.021736355128603 ], [ -87.948683030941254, 38.156146755519757 ], [ -87.878558112321201, 38.290557155910903 ], [ -87.774843512711399, 38.399568589830643 ], [ -87.671128913101597, 38.508580023750397 ], [ -87.598652716812197, 38.674202989245806 ], [ -87.515040249364006, 38.735051988269504 ], [ -87.507082078791001, 38.869462388660693 ], [ -87.559998745457904, 39.040382188465998 ], [ -87.642035081721303, 39.113943589833497 ], [ -87.585152248876, 39.253108221995497 ], [ -87.528269416030696, 39.392272854157497 ], [ -87.526150682306707, 41.7084363876954 ], [ -87.5213706123197, 41.7084363876954 ], [ -87.520853847996804, 41.7608362900394 ], [ -87.371095547214964, 41.7608362900394 ], [ -87.221337246433094, 41.7608362900394 ], [ -87.175836147800098, 41.943925889649499 ], [ -87.130335049167101, 42.127015489259605 ], [ -87.084808112318001, 42.309562486330698 ], [ -87.039307013685018, 42.492652085940897 ], [ -87.264474148288755, 42.493982754072348 ], [ -87.489641282892507, 42.4953134222038 ], [ -87.648119981623609, 42.496101487796253 ], [ -87.806598680354696, 42.496889553388705 ], [ -87.806598680354696, 42.494254055341791 ], [ -87.999086931087902, 42.496501980146505 ], [ -88.191575181821094, 42.498749904951197 ], [ -88.384063432554299, 42.500997829755903 ], [ -88.576551683287505, 42.503245754560602 ], [ -88.837427232604952, 42.5037754379916 ], [ -89.098302781922399, 42.504305121422604 ], [ -89.359178331239846, 42.504834804853601 ], [ -89.620053880557293, 42.505364488284592 ], [ -89.875245022322645, 42.505364488284606 ], [ -90.130436164087996, 42.505364488284599 ], [ -90.385627305853347, 42.505364488284599 ], [ -90.640818447618699, 42.505364488284599 ], [ -90.582604946641894, 42.429167588870207 ], [ -90.464601813503407, 42.378369655927301 ], [ -90.416981981146407, 42.270417588869599 ], [ -90.259808112330703, 42.189983222007299 ], [ -90.15663611526, 42.103735256512103 ], [ -90.210069546249798, 41.834914455729802 ], [ -90.3026737129168, 41.721665554362154 ], [ -90.395277879583801, 41.608416652994499 ], [ -90.461966315456493, 41.536457221028101 ], [ -90.690557013699603, 41.478786322590402 ], [ -90.862277798205497, 41.454175421711355 ], [ -91.033998582711405, 41.429564520832301 ], [ -91.123424648792493, 41.257585354165009 ], [ -90.999065314482095, 41.179812323565699 ], [ -90.956742316435097, 41.024757188473998 ], [ -91.087432013701203, 40.851718654944598 ], [ -91.154120449573895, 40.699841620438796 ], [ -91.282174648793145, 40.625492153478845 ], [ -91.410228848012395, 40.551142686518901 ], [ -91.430330980173906, 40.368595689447901 ], [ -91.517638312531005, 40.119877020827097 ] ] ] } },
{ "type": "Feature", "properties": { "name": "Oklahoma", "name_alt": "OK|Okla.", "code_hasc": "US.OK", "statefp": 40, "statefp_nu": 40, "sq_mi": 69938.756, "pers_sq_mi": 54.6, "acs_14_5yr": "0400000US40", "total_pop": 3818851, "pop_16up": 2977835, "lab_for": 61.9, "employed": 57.1, "unemp_rate": 6.8, "hh_est": 1450117, "hh_med_inc": 46235, "hh_mea_inc": 62871 }, "geometry": { "type": "Polygon", "coordinates": [ [ [ -103.001614346105995, 36.4993228215939 ], [ -102.814025667109433, 36.4993228215939 ], [ -102.626436988112872, 36.4993228215939 ], [ -102.438848309116324, 36.4993228215939 ], [ -102.251259630119762, 36.4993228215939 ], [ -102.063670951123186, 36.4993228215939 ], [ -101.876082272126624, 36.4993228215939 ], [ -101.688493593130062, 36.4993228215939 ], [ -101.5009049141335, 36.4993228215939 ], [ -101.313316235136938, 36.4993228215939 ], [ -101.125727556140376, 36.4993228215939 ], [ -100.938138877143814, 36.4993228215939 ], [ -100.750550198147252, 36.4993228215939 ], [ -100.56296151915069, 36.4993228215939 ], [ -100.375372840154128, 36.4993228215939 ], [ -100.187784161157566, 36.499322821593907 ], [ -100.000195482161004, 36.4993228215939 ], [ -100.000195482161004, 34.565228990205902 ], [ -99.761527879621298, 34.457793687471195 ], [ -99.599083014711795, 34.376299953746802 ], [ -99.336075812562299, 34.442962551403397 ], [ -99.1874027168586, 34.235559190399997 ], [ -99.019648098531093, 34.200096238739647 ], [ -98.8518934802036, 34.164633287079297 ], [ -98.702936164122292, 34.137645270314898 ], [ -98.553978848040998, 34.110657253550499 ], [ -98.321150682349952, 34.122568671193754 ], [ -98.088322516658906, 34.134480088837009 ], [ -97.9570902168537, 33.893693752573 ], [ -97.80706061480231, 33.943703619923497 ], [ -97.657031012750906, 33.993713487274 ], [ -97.516807013726904, 33.915927537566645 ], [ -97.376583014702902, 33.838141587859297 ], [ -97.1040673490117, 33.773597723926699 ], [ -96.947952847058019, 33.918059190398701 ], [ -96.796618415091203, 33.751351019825101 ], [ -96.629664781464243, 33.77833903658955 ], [ -96.462711147837297, 33.805327053353999 ], [ -96.316130947641398, 33.756131089812108 ], [ -96.148906012744902, 33.797937323536196 ], [ -95.977469448616603, 33.879431057260497 ], [ -95.769497646857999, 33.881007188445402 ], [ -95.593810696173705, 33.875710354135443 ], [ -95.418123745489396, 33.870413519825497 ], [ -95.190592414108195, 33.938161322560198 ], [ -95.050368415084193, 33.88497335462386 ], [ -94.910144416060206, 33.8317853866875 ], [ -94.69502834753726, 33.733884385710496 ], [ -94.4799122790143, 33.635983384733493 ], [ -94.451361050173006, 34.510710354137998 ], [ -94.430173712933296, 35.483312486303305 ], [ -94.479783087933498, 35.747630977922199 ], [ -94.5293924629337, 36.011949469541108 ], [ -94.579001837933902, 36.276267961160002 ], [ -94.628611212934118, 36.540586452778903 ], [ -94.617500779991403, 36.999912421205302 ], [ -94.838165605431726, 36.99964757948981 ], [ -95.05883043087205, 36.999382737774305 ], [ -95.279495256312387, 36.999117896058806 ], [ -95.500160081752696, 36.998853054343307 ], [ -95.725120510627306, 36.998656037945189 ], [ -95.950080939501902, 36.998459021547077 ], [ -96.175041368376498, 36.998262005148966 ], [ -96.400001797251093, 36.998064988750855 ], [ -96.624962226125689, 36.997867972352743 ], [ -96.849922655000299, 36.997670955954632 ], [ -97.074883083874923, 36.997473939556514 ], [ -97.299843512749504, 36.997276923158395 ], [ -97.524871766941487, 36.997012081442904 ], [ -97.749900021133456, 36.996747239727398 ], [ -97.974928275325425, 36.996482398011899 ], [ -98.199956529517408, 36.996217556296401 ], [ -98.424984783709377, 36.995952714580902 ], [ -98.650013037901346, 36.995687872865403 ], [ -98.875041292093329, 36.99542303114989 ], [ -99.100069546285297, 36.995158189434399 ], [ -99.350034908835141, 36.9948933477189 ], [ -99.600000271384971, 36.994628506003394 ], [ -99.849965633934815, 36.994363664287896 ], [ -100.099930996484659, 36.994098822572397 ], [ -100.349896359034489, 36.993833980856898 ], [ -100.599861721584332, 36.993569139141407 ], [ -100.849827084134191, 36.993304297425894 ], [ -101.099792446684006, 36.993039455710402 ], [ -101.335139838449251, 36.992774613994925 ], [ -101.570487230214496, 36.992509772279448 ], [ -101.80583462197977, 36.99224493056397 ], [ -102.041182013745001, 36.9919800888485 ], [ -102.281690589185501, 36.992774613994982 ], [ -102.522199164626002, 36.993569139141449 ], [ -102.762707740066503, 36.994363664287917 ], [ -103.003216315507004, 36.995158189434399 ], [ -103.001614346105995, 36.4993228215939 ] ] ] } },
{ "type": "Feature", "properties": { "name": "Montana", "name_alt": "MT|Mont.", "code_hasc": "US.MT", "statefp": 30, "statefp_nu": 30, "sq_mi": 147108.709, "pers_sq_mi": 6.8, "acs_14_5yr": "0400000US30", "total_pop": 1006370, "pop_16up": 807917, "lab_for": 64.3, "employed": 59.6, "unemp_rate": 6.8, "hh_est": 407797, "hh_med_inc": 46766, "hh_mea_inc": 62086 }, "geometry": { "type": "Polygon", "coordinates": [ [ [ -116.008016832322994, 48.475426438992045 ], [ -115.967799648891997, 47.950484320663101 ], [ -115.836037665655496, 47.817662970564896 ], [ -115.704275682418981, 47.684841620466699 ], [ -115.704792446742005, 47.504930121442598 ], [ -115.611929897913512, 47.425025438011303 ], [ -115.519067349085006, 47.345120754579995 ], [ -115.403699713993504, 47.297759304384499 ], [ -115.288332078902002, 47.250397854189004 ], [ -115.204990912723488, 47.172883205751141 ], [ -115.121649746545003, 47.095368557313293 ], [ -114.982485114382996, 46.940843105652547 ], [ -114.843320482221003, 46.786317653991802 ], [ -114.714465298301008, 46.713828538594406 ], [ -114.585610114380998, 46.641339423197003 ], [ -114.435063748006996, 46.636572272318041 ], [ -114.284517381633009, 46.631805121439093 ], [ -114.394045579874998, 46.410087388690798 ], [ -114.491429816529006, 46.147080186541302 ], [ -114.407274746542001, 45.889912421240801 ], [ -114.523701748495, 45.825368557308302 ], [ -114.513650682415005, 45.569234320653599 ], [ -114.335315314574999, 45.470273952814701 ], [ -114.13793718143701, 45.589336452815097 ], [ -114.035798713011999, 45.730103054378198 ], [ -113.914100714963993, 45.702585354182801 ], [ -113.794495612424996, 45.564996853205699 ], [ -113.737354397417988, 45.4070349187975 ], [ -113.680213182410995, 45.249072984389301 ], [ -113.502937181434007, 45.124222723972103 ], [ -113.439426846147001, 44.862791653007498 ], [ -113.378577847124021, 44.789772854179098 ], [ -113.174843512812998, 44.7654332545697 ], [ -113.052086147904006, 44.619912421235703 ], [ -112.963448147414994, 44.489997870453948 ], [ -112.874810146925995, 44.360083319672199 ], [ -112.690144416131005, 44.498731187511297 ], [ -112.526368883090001, 44.480476487804196 ], [ -112.362593350048996, 44.462221788097104 ], [ -112.336135016716, 44.560639553397003 ], [ -112.194974382356747, 44.545033270844854 ], [ -112.053813747997509, 44.529426988292698 ], [ -111.912653113638257, 44.513820705740549 ], [ -111.771492479279004, 44.498214423188401 ], [ -111.542385016712998, 44.5304863551547 ], [ -111.471200731230994, 44.629705105155054 ], [ -111.400016445749003, 44.728923855155401 ], [ -111.291547614368, 44.701406154960004 ], [ -111.194189215929995, 44.561156317719899 ], [ -111.085177782010007, 44.506146755545203 ], [ -111.067194383572996, 44.541596788097401 ], [ -111.071406012804999, 45.049601955742709 ], [ -110.825277625352754, 45.050528901746944 ], [ -110.579149237900495, 45.051455847751178 ], [ -110.333020850448236, 45.05238279375542 ], [ -110.086892462995991, 45.053309739759655 ], [ -109.840764075543746, 45.05423668576389 ], [ -109.5946356880915, 45.055163631768124 ], [ -109.348507300639255, 45.056090577772366 ], [ -109.102378913186996, 45.057017523776608 ], [ -108.907910809141612, 45.05562548988172 ], [ -108.713442705096242, 45.054233455986854 ], [ -108.518974601050871, 45.052841422091966 ], [ -108.324506497005501, 45.051449388197099 ], [ -108.130038392960131, 45.050057354302226 ], [ -107.935570288914761, 45.048665320407352 ], [ -107.741102184869391, 45.047273286512485 ], [ -107.54663408082402, 45.045881252617598 ], [ -107.321541231091743, 45.046543356906348 ], [ -107.096448381359494, 45.047205461195098 ], [ -106.871355531627245, 45.047867565483848 ], [ -106.646262681894996, 45.048529669772599 ], [ -106.421169832162747, 45.049191774061356 ], [ -106.196076982430498, 45.049853878350099 ], [ -105.970984132698248, 45.050515982638849 ], [ -105.745891282965999, 45.0511780869276 ], [ -105.537399487107365, 45.049857108127149 ], [ -105.328907691248745, 45.048536129326685 ], [ -105.120415895390124, 45.047215150526213 ], [ -104.91192409953149, 45.045894171725749 ], [ -104.703432303672869, 45.044573192925284 ], [ -104.494940507814249, 45.04325221412482 ], [ -104.286448711955614, 45.041931235324355 ], [ -104.077956916096994, 45.040610256523898 ], [ -104.052286648355988, 45.498605556818703 ], [ -104.026616380614996, 45.9566008571135 ], [ -104.052015347086495, 46.56408315692061 ], [ -104.077414313557995, 47.171565456727706 ], [ -104.085088263753505, 48.088602505071201 ], [ -104.092762213949001, 49.00563955341471 ], [ -104.279591895346186, 49.005573342985841 ], [ -104.466421576743386, 49.005507132556971 ], [ -104.653251258140571, 49.005440922128095 ], [ -104.840080939537756, 49.005374711699233 ], [ -105.026910620934942, 49.005308501270363 ], [ -105.213740302332127, 49.005242290841487 ], [ -105.400569983729312, 49.005176080412625 ], [ -105.587399665126512, 49.005109869983755 ], [ -105.774229346523683, 49.005043659554879 ], [ -105.961059027920868, 49.004977449126017 ], [ -106.147888709318053, 49.004911238697147 ], [ -106.334718390715253, 49.004845028268285 ], [ -106.521548072112424, 49.004778817839409 ], [ -106.708377753509609, 49.004712607410546 ], [ -106.895207434906808, 49.00464639698167 ], [ -107.082037116303994, 49.004580186552801 ], [ -107.268832885042571, 49.004481678353741 ], [ -107.455628653781119, 49.004383170154696 ], [ -107.642424422519682, 49.00428466195563 ], [ -107.829220191258244, 49.004186153756571 ], [ -108.016015959996807, 49.004087645557526 ], [ -108.202811728735369, 49.00398913735846 ], [ -108.389607497473932, 49.003890629159415 ], [ -108.576403266212495, 49.003792120960355 ], [ -108.763199034951057, 49.003693612761296 ], [ -108.94999480368962, 49.003595104562237 ], [ -109.136790572428183, 49.003496596363192 ], [ -109.323586341166759, 49.00339808816414 ], [ -109.510382109905308, 49.003299579965073 ], [ -109.69717787864387, 49.003201071766014 ], [ -109.883973647382433, 49.003102563566955 ], [ -110.070769416120996, 49.003004055367903 ], [ -110.257565184859558, 49.002903932280333 ], [ -110.444360953598121, 49.00280380919277 ], [ -110.631156722336684, 49.0027036861052 ], [ -110.817952491075246, 49.002603563017637 ], [ -111.004748259813809, 49.002503439930067 ], [ -111.191544028552372, 49.002403316842489 ], [ -111.378339797290948, 49.002303193754919 ], [ -111.565135566029497, 49.002203070667356 ], [ -111.751931334768059, 49.002102947579779 ], [ -111.938727103506622, 49.002002824492209 ], [ -112.125522872245185, 49.001902701404646 ], [ -112.312318640983747, 49.001802578317076 ], [ -112.49911440972231, 49.001702455229506 ], [ -112.685910178460873, 49.001602332141942 ], [ -112.872705947199435, 49.001502209054379 ], [ -113.059501715937998, 49.001402085966809 ], [ -113.246297484676489, 49.001337490426437 ], [ -113.433093253415009, 49.001272894886078 ], [ -113.619889022153501, 49.001208299345713 ], [ -113.806684790892007, 49.001143703805354 ], [ -113.993480559630527, 49.001079108264989 ], [ -114.180276328369004, 49.00101451272463 ], [ -114.367072097107496, 49.000949917184272 ], [ -114.553867865846001, 49.000885321643906 ], [ -114.740663634584507, 49.000820726103541 ], [ -114.927459403322985, 49.000756130563182 ], [ -115.11425517206149, 49.000691535022824 ], [ -115.301050940799996, 49.000626939482459 ], [ -115.487846709538488, 49.0005623439421 ], [ -115.674642478277022, 49.000497748401727 ], [ -115.861438247015514, 49.000433152861362 ], [ -116.048234015753991, 49.000368557321003 ], [ -116.008016832322994, 48.475426438992045 ] ] ] } },
{ "type": "Feature", "properties": { "name": "Ohio", "name_alt": "OH|Ohio", "code_hasc": "US.OH", "statefp": 39, "statefp_nu": 39, "sq_mi": 44952.933, "pers_sq_mi": 257.2, "acs_14_5yr": "0400000US39", "total_pop": 11560380, "pop_16up": 9197668, "lab_for": 63.6, "employed": 57.7, "unemp_rate": 9.2, "hh_est": 4570015, "hh_med_inc": 48849, "hh_mea_inc": 65491 }, "geometry": { "type": "Polygon", "coordinates": [ [ [ -84.65250179720411, 39.094887905425843 ], [ -84.481323615237301, 39.083247789052102 ], [ -84.304590216799099, 38.98692291926011 ], [ -84.171768866700901, 38.873958238270056 ], [ -84.038947516602718, 38.760993557280003 ], [ -83.826738247396094, 38.690067653959403 ], [ -83.672742479166303, 38.609116522774208 ], [ -83.434617479165397, 38.637150987292493 ], [ -83.258943447589203, 38.579480088854801 ], [ -83.044641282874693, 38.634515489245594 ], [ -82.855195482092697, 38.651439520821199 ], [ -82.7752778795534, 38.511215521797197 ], [ -82.589010179357302, 38.415433254544304 ], [ -82.340834113275605, 38.440832221015697 ], [ -82.210661180332394, 38.579480088854801 ], [ -82.194796515618705, 38.80119782160309 ], [ -82.054029914055704, 39.018161322580497 ], [ -81.918560146802506, 38.993795884754903 ], [ -81.9058735826749, 38.882148952788299 ], [ -81.816964280916693, 38.921836452788497 ], [ -81.785751715812395, 39.019220689442506 ], [ -81.745004848950302, 39.199648952789602 ], [ -81.63361629914516, 39.285638536123258 ], [ -81.522227749340004, 39.371628119456901 ], [ -81.401046515615604, 39.3494072535714 ], [ -81.266093512685302, 39.377441718089791 ], [ -81.150751715809903, 39.426146755524897 ], [ -81.01475226512575, 39.540183722484947 ], [ -80.878752814441597, 39.654220689444998 ], [ -80.861828782865999, 39.7573926865158 ], [ -80.764987148751104, 39.973296820631191 ], [ -80.661789313464197, 40.233642686517697 ], [ -80.615228847969206, 40.463835354161802 ], [ -80.657551846016204, 40.590830186519099 ], [ -80.518929816393296, 40.641111355139103 ], [ -80.516268480130293, 42.324910386721491 ], [ -80.520505947578201, 42.324393622398397 ], [ -80.682434048164794, 42.2995114202499 ], [ -80.855201280424595, 42.273324388186005 ], [ -81.027968512684396, 42.24713735612211 ], [ -81.277746548167201, 42.209025987306809 ], [ -81.392571580719704, 42.156380621909449 ], [ -81.507396613272206, 42.10373525651211 ], [ -81.634133063468056, 42.045263373373849 ], [ -81.760869513663906, 41.986791490235603 ], [ -81.974138149732497, 41.888890489258692 ], [ -82.093730333163961, 41.83385508886785 ], [ -82.213322516595412, 41.778819688477 ], [ -82.439277716791594, 41.675105088867198 ], [ -82.690089280920205, 41.675105088867198 ], [ -82.866305915035497, 41.752878119466502 ], [ -83.029810146806994, 41.832795722005798 ], [ -83.1218975491511, 41.949739488282297 ], [ -83.141999681312697, 41.975681057292803 ], [ -83.302338731606298, 41.834914455729752 ], [ -83.462677781899899, 41.694147854166708 ], [ -83.651322597981348, 41.689652004557345 ], [ -83.839967414062798, 41.685156154948004 ], [ -84.067511664552015, 41.685156154948004 ], [ -84.295055915041203, 41.685156154948004 ], [ -84.550905931318255, 41.681448370931051 ], [ -84.806755947595306, 41.677740586914105 ], [ -84.809934048181304, 40.772860419267197 ], [ -84.817866380538106, 39.799741522779001 ], [ -84.823679979170905, 39.106528021799598 ], [ -84.65250179720411, 39.094887905425843 ] ] ] } },
{ "type": "Feature", "properties": { "name": "Missouri", "name_alt": "MO", "code_hasc": "US.MO", "statefp": 29, "statefp_nu": 29, "sq_mi": 69657.958, "pers_sq_mi": 86.5, "acs_14_5yr": "0400000US29", "total_pop": 6028076, "pop_16up": 4781853, "lab_for": 63.9, "employed": 58.1, "unemp_rate": 8.4, "hh_est": 2361232, "hh_med_inc": 47764, "hh_mea_inc": 64703 }, "geometry": { "type": "Polygon", "coordinates": [ [ [ -89.585120612327998, 36.267011420225806 ], [ -89.524271613304293, 36.409354152973698 ], [ -89.498355882509898, 36.506195787088707 ], [ -89.273976813498606, 36.611512356099503 ], [ -89.115226813497998, 36.694582221008694 ], [ -89.1342695787976, 36.851756089824406 ], [ -89.103057013693302, 36.952292588848302 ], [ -89.280333014670504, 37.107347723940102 ], [ -89.388285081728299, 37.081406154929503 ], [ -89.516339280947506, 37.326920884748198 ], [ -89.479287278994207, 37.477221788069109 ], [ -89.5539080472237, 37.719041652979001 ], [ -89.654987148786617, 37.748678086898401 ], [ -89.785948147322316, 37.858477586410551 ], [ -89.916909145858014, 37.968277085922701 ], [ -90.030158047225598, 37.971997789047698 ], [ -90.228078782903509, 38.113281154933702 ], [ -90.369878913112402, 38.263556220038403 ], [ -90.305335049179803, 38.439256089830799 ], [ -90.212730882512801, 38.584776923164704 ], [ -90.156093512720901, 38.7694426539597 ], [ -90.251346096542903, 38.849877020821999 ], [ -90.346598680364906, 38.930311387684299 ], [ -90.535527716824021, 38.865767523751799 ], [ -90.649810146837495, 38.907547919259805 ], [ -90.665700649767203, 39.074772854156301 ], [ -90.749287278999304, 39.265278021800292 ], [ -90.841374681343396, 39.310779120433303 ], [ -90.956471015165505, 39.377984320628855 ], [ -91.0715673489876, 39.445189520824407 ], [ -91.16707831497105, 39.530119737296104 ], [ -91.262589280954501, 39.615049953767802 ], [ -91.345400763702258, 39.717976487785158 ], [ -91.428212246450002, 39.820903021802501 ], [ -91.517638312531005, 40.119877020827097 ], [ -91.430330980173906, 40.368595689447901 ], [ -91.567402716828099, 40.452208156896099 ], [ -91.662913682811549, 40.53315928808135 ], [ -91.758424648795, 40.614110419266602 ], [ -92.031734839632705, 40.608690853430005 ], [ -92.30504503047041, 40.603271287593401 ], [ -92.578355221308101, 40.597851721756797 ], [ -92.851665412145806, 40.5924321559202 ], [ -92.995468004106016, 40.591505209915965 ], [ -93.139270596066211, 40.590578263911723 ], [ -93.283073188026407, 40.589651317907496 ], [ -93.426875779986602, 40.588724371903254 ], [ -93.570678371946798, 40.587797425899012 ], [ -93.714480963906993, 40.586870479894777 ], [ -93.858283555867189, 40.585943533890543 ], [ -94.002086147827399, 40.585016587886301 ], [ -94.226187456015154, 40.584622555090078 ], [ -94.450288764202895, 40.584228522293856 ], [ -94.674390072390651, 40.583834489497626 ], [ -94.898491380578406, 40.583440456701403 ], [ -95.122993181116428, 40.583569647782127 ], [ -95.347494981654449, 40.583698838862858 ], [ -95.571996782192471, 40.583828029943575 ], [ -95.796498582730493, 40.583957221024299 ], [ -95.776370612352807, 40.501404120438004 ], [ -95.608112148810406, 40.343170884760298 ], [ -95.452540249395796, 40.215142523757201 ], [ -95.322884080775395, 40.0013571233657 ], [ -95.204092882044449, 39.93468160660111 ], [ -95.085301683313503, 39.868006089836499 ], [ -94.955102912154203, 39.870124823560502 ], [ -94.926551683312894, 39.725120754549501 ], [ -95.067292446659806, 39.539912421215398 ], [ -94.991095547245493, 39.444672756501497 ], [ -94.867795579797004, 39.234582221018904 ], [ -94.736304897830351, 39.187220770823401 ], [ -94.604814215863698, 39.139859320627899 ], [ -94.615382046267399, 38.0688394231627 ], [ -94.622797614301305, 36.999912421205302 ], [ -94.617500779991403, 36.999912421205302 ], [ -94.628611212934118, 36.540586452778903 ], [ -94.476608217124578, 36.538800386087814 ], [ -94.324605221315053, 36.537014319396732 ], [ -94.172602225505528, 36.535228252705643 ], [ -94.020599229696003, 36.533442186014554 ], [ -93.868596233886478, 36.531656119323472 ], [ -93.716593238076953, 36.529870052632376 ], [ -93.564590242267428, 36.528083985941286 ], [ -93.412587246457903, 36.526297919250197 ], [ -93.136234605669017, 36.525639044738497 ], [ -92.859881964880145, 36.524980170226797 ], [ -92.583529324091273, 36.524321295715104 ], [ -92.307176683302401, 36.523662421203397 ], [ -92.04325222447973, 36.523533230122652 ], [ -91.779327765657058, 36.5234040390419 ], [ -91.515403306834386, 36.523274847961147 ], [ -91.251478848011701, 36.523145656880402 ], [ -90.966657731881014, 36.507797756489715 ], [ -90.681836615750342, 36.49244985609905 ], [ -90.39701549961967, 36.477101955708378 ], [ -90.112194383488998, 36.461754055317691 ], [ -90.029098680363603, 36.337937323546399 ], [ -90.141804979192202, 36.230502020811606 ], [ -90.253994513697904, 36.122549953753797 ], [ -90.315386115260594, 36.023072821592002 ], [ -90.15226945673129, 36.023072821592002 ], [ -89.989152798201999, 36.023072821592002 ], [ -89.826036139672709, 36.023072821592002 ], [ -89.662919481143405, 36.023072821592002 ], [ -89.585120612327998, 36.267011420225806 ] ] ] } },
{ "type": "Feature", "properties": { "name": "Massachusetts", "name_alt": "Commonwealth of Massachusetts|MA|Mass.", "code_hasc": "US.MA", "statefp": 25, "statefp_nu": 25, "sq_mi": 8134.282, "pers_sq_mi": 818.4, "acs_14_5yr": "0400000US25", "total_pop": 6657291, "pop_16up": 5427407, "lab_for": 67.6, "employed": 61.8, "unemp_rate": 8.4, "hh_est": 2538485, "hh_med_inc": 67846, "hh_mea_inc": 92850 }, "geometry": { "type": "Polygon", "coordinates": [ [ [ -71.590030381950044, 42.018805040040448 ], [ -71.379151780875006, 42.024360256511798 ], [ -71.305073615184597, 41.762412421224298 ], [ -71.147899746368793, 41.647587388671802 ], [ -71.120382046173404, 41.494650987303999 ], [ -70.880138312448508, 41.484858303384648 ], [ -70.639894578723599, 41.475065619465298 ], [ -70.47122270372293, 41.515547644611949 ], [ -70.302550828722246, 41.556029669758608 ], [ -70.133878953721563, 41.596511694905246 ], [ -69.965207078720894, 41.636993720051898 ], [ -69.884798550074706, 41.922764390626 ], [ -70.034815233018008, 42.033881639161592 ], [ -70.184831915961297, 42.144998887697199 ], [ -70.132444932725448, 41.962438971518097 ], [ -70.0800579494896, 41.779879055339002 ], [ -70.287487148709147, 41.792307237305195 ], [ -70.494916347928694, 41.804735419271402 ], [ -70.577462988960917, 41.937291927654073 ], [ -70.660009629993141, 42.06984843603675 ], [ -70.742556271025364, 42.202404944419435 ], [ -70.825102912057602, 42.334961452802098 ], [ -70.815051845976896, 42.865187486332893 ], [ -70.933597581654396, 42.884256089848598 ], [ -71.145781012644903, 42.816508287113997 ], [ -71.248978847931795, 42.718090521814098 ], [ -71.399990302196727, 42.719214484216451 ], [ -71.551001756461645, 42.720338446618797 ], [ -71.702013210726577, 42.721462409021157 ], [ -71.853024664991494, 42.72258637142351 ], [ -72.004036119256426, 42.723710333825849 ], [ -72.155047573521344, 42.724834296228202 ], [ -72.306059027786262, 42.725958258630556 ], [ -72.457070482051193, 42.727082221032902 ], [ -72.663311123328043, 42.731184037846042 ], [ -72.869551764604893, 42.735285854659196 ], [ -73.075792405881742, 42.739387671472343 ], [ -73.282033047158606, 42.743489488285498 ], [ -73.336009080687489, 42.571245479902643 ], [ -73.389985114216358, 42.399001471519796 ], [ -73.443961147745227, 42.226757463136948 ], [ -73.497937181274096, 42.054513454754108 ], [ -73.306508297402871, 42.049881954509949 ], [ -73.115079413531646, 42.045250454265798 ], [ -72.923650529660421, 42.040618954021653 ], [ -72.732221645789195, 42.035987453777501 ], [ -72.499393480098178, 42.030303046225399 ], [ -72.266565314407146, 42.02461863867331 ], [ -72.033737148716114, 42.018934231121193 ], [ -71.800908983025096, 42.013249823569105 ], [ -71.590030381950044, 42.018805040040448 ] ] ] } },
{ "type": "Feature", "properties": { "name": "Arkansas", "name_alt": "AR|Ark.", "code_hasc": "US.AR", "statefp": 5, "statefp_nu": 5, "sq_mi": 53095.5, "pers_sq_mi": 55.5, "acs_14_5yr": "0400000US05", "total_pop": 2947036, "pop_16up": 2315782, "lab_for": 59.2, "employed": 54.1, "unemp_rate": 8.4, "hh_est": 1132488, "hh_med_inc": 41264, "hh_mea_inc": 56824 }, "geometry": { "type": "Polygon", "coordinates": [ [ [ -89.826036139672709, 36.023072821592002 ], [ -89.989152798201999, 36.023072821592002 ], [ -90.15226945673129, 36.023072821592002 ], [ -90.315386115260594, 36.023072821592002 ], [ -90.253994513697904, 36.122549953753797 ], [ -90.141804979192202, 36.230502020811606 ], [ -90.029098680363603, 36.337937323546399 ], [ -90.112194383488998, 36.461754055317691 ], [ -90.39701549961967, 36.477101955708378 ], [ -90.681836615750342, 36.49244985609905 ], [ -90.966657731881014, 36.507797756489715 ], [ -91.251478848011701, 36.523145656880402 ], [ -91.515403306834386, 36.523274847961147 ], [ -91.779327765657058, 36.5234040390419 ], [ -92.04325222447973, 36.523533230122652 ], [ -92.307176683302401, 36.523662421203397 ], [ -92.583529324091273, 36.524321295715104 ], [ -92.859881964880145, 36.524980170226797 ], [ -93.136234605669017, 36.525639044738497 ], [ -93.412587246457903, 36.526297919250197 ], [ -93.564590242267428, 36.528083985941286 ], [ -93.716593238076953, 36.529870052632376 ], [ -93.868596233886478, 36.531656119323472 ], [ -94.020599229696003, 36.533442186014554 ], [ -94.172602225505528, 36.535228252705643 ], [ -94.324605221315053, 36.537014319396732 ], [ -94.476608217124578, 36.538800386087814 ], [ -94.628611212934118, 36.540586452778903 ], [ -94.579001837933902, 36.276267961160002 ], [ -94.5293924629337, 36.011949469541108 ], [ -94.479783087933498, 35.747630977922199 ], [ -94.430173712933296, 35.483312486303305 ], [ -94.451361050173006, 34.510710354137998 ], [ -94.4799122790143, 33.635983384733493 ], [ -94.427538214886496, 33.570380153938906 ], [ -94.233338182333597, 33.583609320605603 ], [ -94.002086147827399, 33.579914455696802 ], [ -94.059757046265204, 33.012119655889798 ], [ -93.818324754597555, 33.011719163539553 ], [ -93.576892462929905, 33.011318671189301 ], [ -93.335460171262255, 33.010918178839049 ], [ -93.094027879594606, 33.010517686488797 ], [ -92.820846879837688, 33.018856970749873 ], [ -92.547665880080757, 33.027196255010949 ], [ -92.274484880323826, 33.035535539272026 ], [ -92.001303880566894, 33.043874823533102 ], [ -91.79003770624962, 33.035406348191302 ], [ -91.578771531932361, 33.026937872849501 ], [ -91.367505357615073, 33.018469397507701 ], [ -91.156239183297799, 33.010000922165901 ], [ -91.1080767484018, 33.206836452765593 ], [ -91.223444383493401, 33.4693268905922 ], [ -91.200680915068801, 33.706392523731097 ], [ -91.091411098987649, 33.880748806283897 ], [ -90.982141282906511, 34.055105088836704 ], [ -90.876307949572706, 34.261474921194306 ], [ -90.6995487129184, 34.397461452770401 ], [ -90.584206916042902, 34.454098822562301 ], [ -90.517260098008791, 34.587979539522451 ], [ -90.450313279974694, 34.7218602564826 ], [ -90.446618415065799, 34.866838487277398 ], [ -90.268283047226603, 34.941459255506899 ], [ -90.249240281927001, 35.020834255507197 ], [ -90.134932013697394, 35.113955186497208 ], [ -90.147101813502104, 35.404996853165002 ], [ -89.988894416040594, 35.536229152970193 ], [ -89.950266282902405, 35.701877956681798 ], [ -89.775109015649093, 35.799236355119703 ], [ -89.673513149763295, 35.940002956682797 ], [ -89.662919481143405, 36.023072821592002 ], [ -89.826036139672709, 36.023072821592002 ] ] ] } },
{ "type": "Feature", "properties": { "name": "Alaska", "name_alt": "AK|Alaska", "code_hasc": "US.AK", "statefp": 2, "statefp_nu": 2, "sq_mi": 581702.47, "pers_sq_mi": 1.3, "acs_14_5yr": "0400000US02", "total_pop": 728300, "pop_16up": 560680, "lab_for": 70.8, "employed": 62.1, "unemp_rate": 8.4, "hh_est": 251678, "hh_med_inc": 71829, "hh_mea_inc": 88583 }, "geometry": { "type": "MultiPolygon", "coordinates": [ [ [ [ -153.362241940300976, 57.93086996116525 ], [ -153.495754462680992, 57.892771511458108 ], [ -153.629266985061008, 57.854673061750944 ], [ -153.762779507441024, 57.816574612043802 ], [ -153.876306169632244, 57.772152258934888 ], [ -153.989832831823492, 57.727729905825981 ], [ -154.10335949401474, 57.683307552717068 ], [ -154.216886156205987, 57.638885199608161 ], [ -154.330412818397235, 57.594462846499233 ], [ -154.443939480588483, 57.550040493390327 ], [ -154.557466142779731, 57.505618140281413 ], [ -154.670992804971007, 57.461195787172507 ], [ -154.593697781370508, 57.22697235780965 ], [ -154.51640275777001, 56.992748928446801 ], [ -154.388574642942018, 56.928230902730377 ], [ -154.260746528113998, 56.863712877013953 ], [ -154.132918413286006, 56.799194851297528 ], [ -154.005090298457986, 56.734676825581097 ], [ -153.880243267817889, 56.782322496154208 ], [ -153.755396237177763, 56.829968166727333 ], [ -153.630549206537637, 56.877613837300444 ], [ -153.505702175897511, 56.925259507873548 ], [ -153.380855145257385, 56.972905178446659 ], [ -153.256008114617259, 57.02055084901977 ], [ -153.131161083977133, 57.068196519592888 ], [ -153.006314053337007, 57.115842190165999 ], [ -152.89816819965813, 57.175244249085495 ], [ -152.790022345979253, 57.234646308004997 ], [ -152.681876492300376, 57.2940483669245 ], [ -152.573730638621498, 57.353450425844009 ], [ -152.465584784942621, 57.412852484763498 ], [ -152.357438931263744, 57.472254543683007 ], [ -152.249293077584866, 57.531656602602503 ], [ -152.141147223905989, 57.591058661521991 ], [ -152.247058071888233, 57.668650824608285 ], [ -152.352968919870477, 57.746242987694551 ], [ -152.45887976785275, 57.823835150780823 ], [ -152.564790615834994, 57.901427313867103 ], [ -152.730775316356471, 57.918312588118432 ], [ -152.896760016877977, 57.935197862369741 ], [ -153.062744717399482, 57.95208313662107 ], [ -153.228729417920988, 57.968968410872399 ], [ -153.362241940300976, 57.93086996116525 ] ] ], [ [ [ -166.714663357591235, 60.341394660068126 ], [ -166.961534593757506, 60.298619493238547 ], [ -167.208405829923748, 60.255844326408976 ], [ -167.455277066089991, 60.213069159579398 ], [ -167.303542141772994, 60.145153408439832 ], [ -167.151807217455996, 60.077237657300245 ], [ -167.000072293138999, 60.009321906160672 ], [ -166.848337368822001, 59.941406155021099 ], [ -166.684445563808254, 59.894664822013041 ], [ -166.520553758794506, 59.847923489004998 ], [ -166.356661953780758, 59.801182155996948 ], [ -166.192770148767011, 59.754440822988904 ], [ -166.039368659508767, 59.793327338288599 ], [ -165.885967170250524, 59.8322138535883 ], [ -165.732565680992252, 59.871100368888001 ], [ -165.579164191734009, 59.90998688418771 ], [ -165.626796943198997, 60.101796881747013 ], [ -165.674429694664013, 60.293606879306296 ], [ -165.872770301354251, 60.316247616204159 ], [ -166.071110908044488, 60.338888353102007 ], [ -166.269451514734754, 60.361529089999848 ], [ -166.467792121424992, 60.384169826897697 ], [ -166.714663357591235, 60.341394660068126 ] ] ], [ [ [ -171.791110602890996, 63.405845852300494 ], [ -171.672086860215018, 63.361817531987796 ], [ -171.553063117539011, 63.317789211675105 ], [ -171.332643755151992, 63.332297370041076 ], [ -171.112224392765, 63.346805528407053 ], [ -170.891805030378009, 63.36131368677303 ], [ -170.67138566799099, 63.375821845139001 ], [ -170.480970934103482, 63.285129706466712 ], [ -170.290556200216002, 63.194437567794402 ], [ -170.100277116963241, 63.140061041915303 ], [ -169.909998033710508, 63.08568451603621 ], [ -169.719718950457775, 63.031307990157103 ], [ -169.529439867205014, 62.976931464278003 ], [ -169.340065121517512, 63.029848130944885 ], [ -169.15069037583001, 63.082764797611752 ], [ -168.961315630142508, 63.135681464278633 ], [ -168.771940884455006, 63.1885981309455 ], [ -168.689439460301003, 63.297506212000606 ], [ -168.937705960139255, 63.330908565923274 ], [ -169.185972459977506, 63.364310919845948 ], [ -169.434238959815758, 63.397713273768623 ], [ -169.68250545965401, 63.431115627691298 ], [ -169.884657203225743, 63.497080593511846 ], [ -170.086808946797504, 63.563045559332394 ], [ -170.288960690369265, 63.62901052515295 ], [ -170.491112433940998, 63.694975490973498 ], [ -170.646942715517014, 63.669279385016381 ], [ -170.802772997093001, 63.64358327905925 ], [ -170.958603278668988, 63.617887173102126 ], [ -171.114433560245004, 63.592191067145009 ], [ -171.268739387068507, 63.639772142177755 ], [ -171.423045213892038, 63.6873532172105 ], [ -171.577351040715513, 63.734934292243253 ], [ -171.731656867538987, 63.782515367275998 ], [ -171.791110602890996, 63.405845852300494 ] ] ], [ [ [ -141.25761883393227, 69.746983344187797 ], [ -141.529249338859501, 69.781968288849399 ], [ -141.800879843786731, 69.816953233511001 ], [ -142.07251034871399, 69.851938178172617 ], [ -142.26212732767786, 69.889510174225819 ], [ -142.451744306641729, 69.927082170279022 ], [ -142.641361285605626, 69.964654166332238 ], [ -142.830978264569495, 70.002226162385455 ], [ -143.020595243533364, 70.039798158438671 ], [ -143.21021222249729, 70.077370154491888 ], [ -143.399829201461131, 70.11494215054509 ], [ -143.589446180425, 70.152514146598307 ], [ -143.755766777756378, 70.132198849153554 ], [ -143.922087375087756, 70.111883551708814 ], [ -144.088407972419134, 70.091568254264061 ], [ -144.254728569750512, 70.071252956819308 ], [ -144.42104916708189, 70.050937659374554 ], [ -144.587369764413296, 70.030622361929801 ], [ -144.753690361744646, 70.010307064485048 ], [ -144.920010959075995, 69.989991767040308 ], [ -145.112505669363259, 70.022496242951917 ], [ -145.305000379650494, 70.055000718863539 ], [ -145.497495089937729, 70.087505194775161 ], [ -145.689989800224993, 70.120009670686798 ], [ -145.930411272616482, 70.131762829256161 ], [ -146.170832745007999, 70.143515987825538 ], [ -146.411254217399488, 70.155269146394929 ], [ -146.651675689790977, 70.167022304964291 ], [ -146.892097162182495, 70.178775463533668 ], [ -147.132518634573984, 70.190528622103045 ], [ -147.372940106965473, 70.202281780672422 ], [ -147.61336157935699, 70.214034939241799 ], [ -147.87669175920837, 70.253531882397894 ], [ -148.140021939059778, 70.293028825553947 ], [ -148.40335211891113, 70.332525768710013 ], [ -148.66668229876251, 70.372022711866094 ], [ -148.930012478613889, 70.411519655022175 ], [ -149.193342658465269, 70.451016598178256 ], [ -149.456672838316649, 70.490513541334337 ], [ -149.720003018168001, 70.530010484490404 ], [ -149.975000373312241, 70.505012010369228 ], [ -150.22999772845651, 70.480013536248052 ], [ -150.484995083600751, 70.455015062126876 ], [ -150.73999243874502, 70.430016588005699 ], [ -150.931243684880116, 70.451265291008724 ], [ -151.12249493101524, 70.472513994011749 ], [ -151.313746177150364, 70.493762697014773 ], [ -151.504997423285488, 70.515011400017798 ], [ -151.696248669420612, 70.536260103020822 ], [ -151.887499915555736, 70.557508806023847 ], [ -152.078751161690889, 70.578757509026872 ], [ -152.270002407826013, 70.600006212029896 ], [ -152.210006069934991, 70.829992173944703 ], [ -152.421256095367255, 70.837491716181077 ], [ -152.632506120799491, 70.844991258417451 ], [ -152.843756146231726, 70.852490800653825 ], [ -153.05500617166399, 70.8599903428902 ], [ -153.266256197096254, 70.867489885126574 ], [ -153.47750622252849, 70.874989427362948 ], [ -153.688756247960725, 70.882488969599322 ], [ -153.900006273392989, 70.889988511835696 ], [ -154.011046007279987, 70.841593532994324 ], [ -154.122085741166984, 70.793198554152951 ], [ -154.23312547505401, 70.744803575311579 ], [ -154.344165208941007, 70.696408596470206 ], [ -154.525071479286737, 70.80925054593358 ], [ -154.705977749632495, 70.922092495396953 ], [ -154.886884019978254, 71.034934444860326 ], [ -155.067790290324012, 71.147776394323699 ], [ -155.256919572958253, 71.174024792150945 ], [ -155.446048855592494, 71.200273189978191 ], [ -155.635178138226763, 71.226521587805451 ], [ -155.824307420861004, 71.25276998563271 ], [ -156.013436703495245, 71.279018383459942 ], [ -156.202565986129514, 71.305266781287202 ], [ -156.391695268763755, 71.331515179114447 ], [ -156.580824551397995, 71.357763576941693 ], [ -156.773186840827492, 71.291133277055366 ], [ -156.965549130256989, 71.224502977169038 ], [ -157.157911419686485, 71.157872677282711 ], [ -157.350273709115982, 71.091242377396412 ], [ -157.542635998545478, 71.024612077510085 ], [ -157.734998287974975, 70.957981777623758 ], [ -157.9273605774045, 70.89135147773743 ], [ -158.119722866833996, 70.824721177851103 ], [ -158.349586097222243, 70.841451422805576 ], [ -158.579449327610547, 70.85818166776005 ], [ -158.809312557998766, 70.874911912714524 ], [ -159.039175788387013, 70.891642157668997 ], [ -159.276128379330373, 70.836148128941574 ], [ -159.513080970273762, 70.78065410021415 ], [ -159.750033561217151, 70.725160071486727 ], [ -159.986986152160512, 70.669666042759303 ], [ -160.223938743103901, 70.61417201403188 ], [ -160.46089133404729, 70.558677985304456 ], [ -160.69784392499065, 70.503183956577033 ], [ -160.934796515934011, 70.447689927849595 ], [ -161.178321703109248, 70.419099941684095 ], [ -161.421846890284485, 70.390509955518596 ], [ -161.665372077459722, 70.361919969353096 ], [ -161.908897264634987, 70.333329983187596 ], [ -162.036605877713384, 70.27392146471405 ], [ -162.164314490791753, 70.214512946240518 ], [ -162.292023103870122, 70.155104427766986 ], [ -162.41973171694849, 70.095695909293454 ], [ -162.547440330026859, 70.036287390819922 ], [ -162.675148943105228, 69.976878872346376 ], [ -162.802857556183596, 69.917470353872829 ], [ -162.930566169261994, 69.858061835399297 ], [ -162.990078040600224, 69.736325080027697 ], [ -163.049589911938483, 69.614588324656097 ], [ -163.109101783276742, 69.492851569284497 ], [ -163.168613654615001, 69.371114813912897 ], [ -163.32638826195614, 69.314167385527256 ], [ -163.484162869297251, 69.257219957141601 ], [ -163.641937476638361, 69.20027252875596 ], [ -163.7997120839795, 69.143325100370305 ], [ -163.957486691320639, 69.08637767198465 ], [ -164.11526129866175, 69.029430243598995 ], [ -164.27303590600286, 68.97248281521334 ], [ -164.430810513343999, 68.915535386827699 ], [ -164.652547624754391, 68.911472327338771 ], [ -164.874284736164753, 68.907409267849829 ], [ -165.096021847575116, 68.903346208360887 ], [ -165.317758958985507, 68.899283148871945 ], [ -165.53949607039587, 68.895220089383002 ], [ -165.761233181806233, 68.891157029894075 ], [ -165.982970293216624, 68.887093970405147 ], [ -166.204707404626987, 68.883030910916204 ], [ -166.344640723719237, 68.751992397732081 ], [ -166.484574042811488, 68.620953884547959 ], [ -166.624507361903738, 68.489915371363821 ], [ -166.764440680995989, 68.358876858179698 ], [ -166.592671449834882, 68.319363766138508 ], [ -166.420902218673746, 68.279850674097332 ], [ -166.24913298751261, 68.240337582056142 ], [ -166.077363756351474, 68.200824490014952 ], [ -165.905594525190338, 68.161311397973762 ], [ -165.733825294029231, 68.121798305932572 ], [ -165.562056062868123, 68.082285213891396 ], [ -165.390286831706987, 68.042772121850206 ], [ -165.270374900350731, 67.989467881941152 ], [ -165.150462968994475, 67.936163642032113 ], [ -165.030551037638247, 67.88285940212306 ], [ -164.910639106281991, 67.829555162214007 ], [ -164.790727174925735, 67.776250922304953 ], [ -164.670815243569507, 67.7229466823959 ], [ -164.550903312213251, 67.669642442486847 ], [ -164.430991380856995, 67.616338202577793 ], [ -164.342082079098759, 67.553845247051839 ], [ -164.253172777340495, 67.491352291525871 ], [ -164.164263475582231, 67.428859335999903 ], [ -164.075354173823996, 67.366366380473949 ], [ -163.986444872065761, 67.303873424947994 ], [ -163.897535570307497, 67.241380469422026 ], [ -163.808626268549233, 67.178887513896058 ], [ -163.719716966790998, 67.116394558370104 ], [ -163.565966661614624, 67.068790874898227 ], [ -163.41221635643825, 67.02118719142635 ], [ -163.258466051261877, 66.973583507954473 ], [ -163.104715746085503, 66.925979824482596 ], [ -162.95096544090913, 66.878376141010719 ], [ -162.797215135732756, 66.830772457538842 ], [ -162.643464830556383, 66.783168774066979 ], [ -162.489714525380009, 66.735565090595102 ], [ -162.388222012358767, 66.658134416359758 ], [ -162.286729499337497, 66.580703742124427 ], [ -162.185236986316227, 66.503273067889097 ], [ -162.083744473294985, 66.425842393653753 ], [ -161.982251960273743, 66.348411719418408 ], [ -161.880759447252501, 66.270981045183078 ], [ -161.779266934231259, 66.193550370947747 ], [ -161.677774421209989, 66.116119696712403 ], [ -161.941627824938223, 66.111255652522914 ], [ -162.205481228666486, 66.106391608333439 ], [ -162.469334632394748, 66.10152756414395 ], [ -162.733188036123039, 66.096663519954461 ], [ -162.997041439851273, 66.091799475764972 ], [ -163.260894843579507, 66.086935431575483 ], [ -163.524748247307741, 66.082071387385994 ], [ -163.788601651036004, 66.077207343196505 ], [ -163.720556708815991, 66.326933702247004 ], [ -163.652511766596007, 66.576660061297503 ], [ -163.858061235590981, 66.576660061297503 ], [ -164.063610704585983, 66.576660061297503 ], [ -164.269160173580985, 66.576660061297503 ], [ -164.474709642575988, 66.576660061297503 ], [ -164.614119737791356, 66.546138668475123 ], [ -164.753529833006723, 66.515617275652744 ], [ -164.89293992822212, 66.485095882830365 ], [ -165.032350023437488, 66.454574490008 ], [ -165.171760118652855, 66.424053097185606 ], [ -165.311170213868252, 66.393531704363227 ], [ -165.45058030908362, 66.363010311540847 ], [ -165.589990404298987, 66.332488918718454 ], [ -165.729400499514355, 66.301967525896075 ], [ -165.868810594729723, 66.271446133073681 ], [ -166.008220689945119, 66.240924740251302 ], [ -166.147630785160487, 66.210403347428922 ], [ -166.287040880375883, 66.179881954606543 ], [ -166.426450975591251, 66.149360561784164 ], [ -166.565861070806619, 66.118839168961784 ], [ -166.705271166021987, 66.088317776139405 ], [ -166.880932278490121, 66.036027686214069 ], [ -167.056593390958255, 65.983737596288734 ], [ -167.232254503426361, 65.931447506363398 ], [ -167.407915615894524, 65.879157416438062 ], [ -167.58357672836263, 65.826867326512726 ], [ -167.759237840830735, 65.77457723658739 ], [ -167.93489895329887, 65.72228714666204 ], [ -168.110560065767004, 65.669997056736705 ], [ -167.95236558741351, 65.59735937159644 ], [ -167.794171109060017, 65.524721686456189 ], [ -167.635976630706523, 65.452084001315939 ], [ -167.477782152353001, 65.37944631617566 ], [ -167.319587673999479, 65.306808631035395 ], [ -167.161393195645985, 65.23417094589513 ], [ -167.003198717292491, 65.161533260754865 ], [ -166.845004238938998, 65.0888955756146 ], [ -166.740075243170509, 64.988339697928623 ], [ -166.63514624740202, 64.887783820242646 ], [ -166.53021725163353, 64.787227942556683 ], [ -166.425288255865013, 64.686672064870706 ], [ -166.24223095402499, 64.65670619369547 ], [ -166.059173652184995, 64.626740322520206 ], [ -165.876116350345001, 64.596774451344956 ], [ -165.693059048505006, 64.566808580169706 ], [ -165.510001746665012, 64.536842708994456 ], [ -165.326944444825017, 64.506876837819206 ], [ -165.143887142985022, 64.476910966643956 ], [ -164.960829841144999, 64.446945095468706 ], [ -164.78402538761236, 64.460972017058936 ], [ -164.607220934079749, 64.474998938649151 ], [ -164.430416480547137, 64.48902586023938 ], [ -164.253612027014498, 64.503052781829609 ], [ -164.076807573481858, 64.517079703419824 ], [ -163.900003119949247, 64.531106625010054 ], [ -163.723198666416636, 64.545133546600297 ], [ -163.546394212884024, 64.559160468190498 ], [ -163.349242164136513, 64.504021714935092 ], [ -163.152090115389001, 64.448882961679658 ], [ -162.954938066641489, 64.393744208424238 ], [ -162.757786017894006, 64.338605455168803 ], [ -162.605418057281497, 64.449025071868448 ], [ -162.453050096668989, 64.559444688568107 ], [ -162.187769131498726, 64.613892269541608 ], [ -161.922488166328492, 64.66833985051511 ], [ -161.657207201158258, 64.722787431488598 ], [ -161.391926235987995, 64.7772350124621 ], [ -161.084851956201504, 64.782919420014252 ], [ -160.777777676415013, 64.788603827566405 ], [ -160.96285035911427, 64.692149766693632 ], [ -161.147923041813499, 64.595695705820845 ], [ -161.332995724512756, 64.499241644948086 ], [ -161.518068407212013, 64.402787584075298 ], [ -161.378135088119762, 64.357790330657167 ], [ -161.238201769027512, 64.31279307723905 ], [ -161.098268449935262, 64.267795823820933 ], [ -160.958335130843011, 64.222798570402801 ], [ -160.865420905581999, 63.994453335213045 ], [ -160.772506680320987, 63.766108100023303 ], [ -160.962992469303003, 63.688535315599182 ], [ -161.153478258284991, 63.610962531175048 ], [ -161.343964047266979, 63.533389746750927 ], [ -161.534449836248996, 63.455816962326793 ], [ -161.715976223782263, 63.477346655930404 ], [ -161.897502611315502, 63.498876349534008 ], [ -162.079028998848742, 63.520406043137605 ], [ -162.260555386382009, 63.541935736741202 ], [ -162.361389024891508, 63.481626110479553 ], [ -162.462222663401008, 63.421316484217897 ], [ -162.563056301910507, 63.361006857956255 ], [ -162.663889940420006, 63.300697231694606 ], [ -162.764723578929505, 63.24038760543295 ], [ -162.865557217439004, 63.180077979171301 ], [ -162.966390855948504, 63.119768352909659 ], [ -163.067224494458003, 63.059458726647996 ], [ -163.238751492342743, 63.099456285241892 ], [ -163.410278490227483, 63.139453843835803 ], [ -163.581805488112252, 63.179451402429713 ], [ -163.753332485996992, 63.219448961023609 ], [ -163.955626339757487, 63.201181342208471 ], [ -164.157920193518009, 63.182913723393355 ], [ -164.360214047278504, 63.164646104578232 ], [ -164.562507901038998, 63.146378485763108 ], [ -164.651675584958753, 63.018052985274295 ], [ -164.740843268878507, 62.889727484785496 ], [ -164.830010952798261, 62.761401984296697 ], [ -164.919178636717987, 62.633076483807898 ], [ -165.021087790974605, 62.563316529990885 ], [ -165.12299694523125, 62.493556576173873 ], [ -165.224906099487868, 62.423796622356868 ], [ -165.326815253744485, 62.354036668539855 ], [ -165.428724408001131, 62.284276714722843 ], [ -165.530633562257776, 62.214516760905816 ], [ -165.632542716514365, 62.144756807088804 ], [ -165.734451870771011, 62.074996853271799 ], [ -165.831183692467249, 61.931252397297897 ], [ -165.927915514163487, 61.787507941324002 ], [ -166.024647335859754, 61.643763485350092 ], [ -166.121379157556021, 61.500019029376205 ], [ -165.928742337079996, 61.393488064206515 ], [ -165.736105516603999, 61.286957099036847 ], [ -165.543468696128002, 61.180426133867172 ], [ -165.350831875652005, 61.073895168697497 ], [ -165.346387702474999, 60.507495632562396 ], [ -165.175345171142993, 60.44749283511748 ], [ -165.004302639810987, 60.387490037672549 ], [ -164.83326010847901, 60.327487240227626 ], [ -164.662217577147004, 60.267484442782703 ], [ -164.55673305973113, 60.208805853915301 ], [ -164.451248542315255, 60.150127265047878 ], [ -164.345764024899381, 60.091448676180455 ], [ -164.240279507483507, 60.032770087313047 ], [ -164.134794990067633, 59.974091498445645 ], [ -164.029310472651758, 59.915412909578222 ], [ -163.923825955235884, 59.856734320710814 ], [ -163.81834143782001, 59.798055731843398 ], [ -163.655806139154009, 59.822014217764711 ], [ -163.493270840488037, 59.845972703686023 ], [ -163.330735541822008, 59.869931189607343 ], [ -163.168200243156008, 59.893889675528641 ], [ -163.005664944490007, 59.91784816144996 ], [ -162.843129645824007, 59.941806647371273 ], [ -162.680594347158006, 59.965765133292585 ], [ -162.518059048492006, 59.989723619213905 ], [ -162.35708696190278, 59.900698045483068 ], [ -162.196114875313498, 59.811672471752253 ], [ -162.035142788724244, 59.722646898021424 ], [ -161.87417070213499, 59.633621324290601 ], [ -161.96457862042999, 59.450273342519047 ], [ -162.054986538724989, 59.2669253607475 ], [ -162.011940070625513, 58.96929494896245 ], [ -161.968893602526009, 58.671664537177392 ], [ -161.815421058173257, 58.671457831448251 ], [ -161.661948513820505, 58.671251125719095 ], [ -161.508475969467753, 58.671044419989954 ], [ -161.355003425115001, 58.670837714260792 ], [ -161.230036892725138, 58.72087341982742 ], [ -161.105070360335247, 58.770909125394034 ], [ -160.980103827945356, 58.820944830960642 ], [ -160.855137295555494, 58.870980536527242 ], [ -160.730170763165631, 58.921016242093856 ], [ -160.60520423077574, 58.97105194766047 ], [ -160.480237698385849, 59.021087653227085 ], [ -160.355271165996015, 59.071123358793692 ], [ -160.261775580871983, 58.946479804105678 ], [ -160.16827999574798, 58.82183624941765 ], [ -160.074784410623977, 58.697192694729615 ], [ -159.981288825500002, 58.572549140041602 ], [ -159.913883379129231, 58.662259426500299 ], [ -159.846477932758489, 58.751969712958996 ], [ -159.779072486387747, 58.8416799994177 ], [ -159.711667040017005, 58.931390285876397 ], [ -159.548401811745009, 58.804589240140224 ], [ -159.385136583473013, 58.677788194404044 ], [ -159.221871355201017, 58.550987148667872 ], [ -159.058606126928993, 58.424186102931699 ], [ -158.92325909120251, 58.515084947333101 ], [ -158.787912055475999, 58.605983791734495 ], [ -158.652565019749488, 58.696882636135896 ], [ -158.517217984023006, 58.787781480537298 ], [ -158.355974596164515, 58.701791897203556 ], [ -158.194731208305996, 58.615802313869814 ], [ -158.050599179089886, 58.653687598293786 ], [ -157.906467149873748, 58.691572882717793 ], [ -157.76233512065761, 58.729458167141765 ], [ -157.618203091441501, 58.76734345156575 ], [ -157.47407106222542, 58.805228735989736 ], [ -157.329939033009254, 58.843114020413715 ], [ -157.185807003793116, 58.880999304837715 ], [ -157.041674974577006, 58.918884589261701 ], [ -157.168824836231238, 58.771245022203857 ], [ -157.295974697885498, 58.623605455146013 ], [ -157.423124559539758, 58.475965888088155 ], [ -157.55027442119399, 58.328326321030296 ], [ -157.593398403941478, 58.138744869613504 ], [ -157.636522386688995, 57.949163418196704 ], [ -157.679646369436512, 57.759581966779905 ], [ -157.722770352184, 57.570000515363105 ], [ -157.907352108776507, 57.481730709454546 ], [ -158.091933865369015, 57.393460903546 ], [ -158.276515621961494, 57.305191097637447 ], [ -158.461097378554001, 57.216921291728902 ], [ -158.572770148736993, 57.116798204163402 ], [ -158.684442918920013, 57.016675116597895 ], [ -158.857707536840508, 56.94184764263926 ], [ -159.030972154761002, 56.867020168680632 ], [ -159.204236772681497, 56.79219269472199 ], [ -159.377501390601992, 56.717365220763355 ], [ -159.550766008522487, 56.64253774680472 ], [ -159.724030626442982, 56.567710272846078 ], [ -159.897295244363477, 56.492882798887436 ], [ -160.070559862284, 56.418055324928801 ], [ -160.193821072408241, 56.315555121477878 ], [ -160.31708228253251, 56.213054918026948 ], [ -160.440343492656751, 56.110554714576026 ], [ -160.563604702780992, 56.00805451112511 ], [ -160.718675986757887, 55.99392100689326 ], [ -160.873747270734782, 55.979787502661416 ], [ -161.02881855471162, 55.96565399842958 ], [ -161.183889838688515, 55.951520494197752 ], [ -161.338961122665381, 55.937386989965916 ], [ -161.494032406642248, 55.923253485734087 ], [ -161.649103690619143, 55.909119981502243 ], [ -161.804174974596009, 55.894986477270407 ], [ -161.937403276598502, 55.826618557348262 ], [ -162.070631578601024, 55.758250637426102 ], [ -162.203859880603517, 55.689882717503949 ], [ -162.33708818260601, 55.621514797581796 ], [ -162.470316484608503, 55.553146877659643 ], [ -162.603544786610996, 55.484778957737497 ], [ -162.736773088613518, 55.416411037815351 ], [ -162.870001390616011, 55.348043117893205 ], [ -162.992293667634783, 55.309466661187315 ], [ -163.114585944653527, 55.270890204481425 ], [ -163.236878221672271, 55.232313747775535 ], [ -163.359170498691014, 55.193737291069652 ], [ -163.481462775709758, 55.155160834363762 ], [ -163.603755052728502, 55.116584377657873 ], [ -163.726047329747246, 55.078007920951997 ], [ -163.84833960676599, 55.0394314642461 ], [ -163.985075446610239, 54.981030636202256 ], [ -164.121811286454488, 54.922629808158405 ], [ -164.258547126298737, 54.864228980114554 ], [ -164.395282966142986, 54.805828152070703 ], [ -164.532018805987235, 54.747427324026852 ], [ -164.668754645831484, 54.689026495983008 ], [ -164.805490485675762, 54.63062566793915 ], [ -164.942226325520011, 54.572224839895298 ], [ -164.863897773273493, 54.488198960988754 ], [ -164.785569221027004, 54.404173082082202 ], [ -164.571053891029379, 54.439868577687825 ], [ -164.356538561031755, 54.475564073293455 ], [ -164.142023231034131, 54.511259568899085 ], [ -163.927507901036506, 54.546955064504701 ], [ -163.712992571038882, 54.582650560110324 ], [ -163.498477241041257, 54.618346055715953 ], [ -163.283961911043633, 54.654041551321576 ], [ -163.069446581046009, 54.689737046927199 ], [ -162.861526455719741, 54.773349514375433 ], [ -162.653606330393501, 54.856961981823652 ], [ -162.445686205067261, 54.940574449271871 ], [ -162.237766079740993, 55.024186916720097 ], [ -162.11092627668063, 55.06675537782052 ], [ -161.984086473620238, 55.109323838920957 ], [ -161.857246670559846, 55.151892300021373 ], [ -161.730406867499482, 55.19446076112181 ], [ -161.603567064439119, 55.237029222222226 ], [ -161.476727261378755, 55.279597683322649 ], [ -161.349887458318392, 55.322166144423079 ], [ -161.223047655258, 55.364734605523502 ], [ -160.989715644352003, 55.434446112685222 ], [ -160.756383633446006, 55.50415761984695 ], [ -160.523051622540009, 55.573869127008678 ], [ -160.289719611634013, 55.643580634170398 ], [ -160.118121558654764, 55.624357001357829 ], [ -159.946523505675486, 55.60513336854526 ], [ -159.774925452696237, 55.585909735732677 ], [ -159.603327399716989, 55.566686102920102 ], [ -159.457076636777003, 55.620119533909914 ], [ -159.31082587383699, 55.673552964899727 ], [ -159.164575110896976, 55.72698639588954 ], [ -159.018324347956991, 55.780419826879353 ], [ -158.872073585017006, 55.833853257869166 ], [ -158.725822822076992, 55.887286688858985 ], [ -158.579572059136979, 55.940720119848791 ], [ -158.433321296196993, 55.99415355083859 ], [ -158.354295112114755, 56.111517188127451 ], [ -158.275268928032517, 56.228880825416297 ], [ -158.196242743950279, 56.346244462705144 ], [ -158.117216559868012, 56.463608099993998 ], [ -157.922076662202784, 56.528155193703576 ], [ -157.726936764537527, 56.592702287413147 ], [ -157.53179686687227, 56.657249381122732 ], [ -157.336656969207013, 56.721796474832303 ], [ -157.141517071541756, 56.786343568541888 ], [ -156.946377173876499, 56.850890662251452 ], [ -156.75123727621127, 56.91543775596103 ], [ -156.556097378546013, 56.979984849670601 ], [ -156.494156714890266, 57.090682227193874 ], [ -156.432216051234491, 57.201379604717147 ], [ -156.370275387578744, 57.31207698224042 ], [ -156.308334723922997, 57.4227743597637 ], [ -156.18322931112138, 57.460901877464032 ], [ -156.058123898319792, 57.499029395164364 ], [ -155.933018485518119, 57.53715691286471 ], [ -155.807913072716502, 57.575284430565056 ], [ -155.682807659914886, 57.613411948265387 ], [ -155.557702247113241, 57.651539465965733 ], [ -155.432596834311624, 57.689666983666065 ], [ -155.307491421510008, 57.727794501366397 ], [ -155.173116548666002, 57.780116889061922 ], [ -155.038741675821996, 57.832439276757448 ], [ -154.904366802977989, 57.884761664452967 ], [ -154.769991930133983, 57.937084052148492 ], [ -154.635617057289977, 57.989406439844032 ], [ -154.501242184445971, 58.041728827539558 ], [ -154.366867311601993, 58.094051215235083 ], [ -154.232492438757987, 58.146373602930609 ], [ -154.114369803869863, 58.236167863591753 ], [ -153.996247168981739, 58.325962124252897 ], [ -153.878124534093615, 58.415756384914054 ], [ -153.760001899205491, 58.505550645575198 ], [ -153.641879264317367, 58.595344906236356 ], [ -153.523756629429244, 58.6851391668975 ], [ -153.40563399454112, 58.774933427558658 ], [ -153.287511359652996, 58.864727688219801 ], [ -153.378968955478626, 58.925421657946615 ], [ -153.470426551304229, 58.986115627673421 ], [ -153.561884147129888, 59.046809597400248 ], [ -153.65334174295549, 59.107503567127061 ], [ -153.744799338781121, 59.168197536853867 ], [ -153.836256934606752, 59.22889150658068 ], [ -153.927714530432382, 59.289585476307494 ], [ -154.019172126258013, 59.350279446034307 ], [ -153.839066840612759, 59.439201666900551 ], [ -153.658961554967505, 59.528123887766796 ], [ -153.47885626932225, 59.617046108633048 ], [ -153.298750983676996, 59.705968329499306 ], [ -153.118645698031742, 59.794890550365551 ], [ -152.938540412386516, 59.883812771231803 ], [ -152.758435126741233, 59.972734992098047 ], [ -152.578329841096007, 60.061657212964299 ], [ -152.49301851093611, 60.144849809400178 ], [ -152.407707180776242, 60.228042405836057 ], [ -152.322395850616374, 60.311235002271935 ], [ -152.237084520456534, 60.3944275987078 ], [ -152.151773190296637, 60.477620195143679 ], [ -152.066461860136769, 60.560812791579558 ], [ -151.981150529976901, 60.644005388015437 ], [ -151.895839199817004, 60.727197984451301 ], [ -151.736498150622026, 60.7968513556267 ], [ -151.577157101427019, 60.866504726802113 ], [ -151.417816052232013, 60.936158097977511 ], [ -151.258475003037006, 61.005811469152903 ], [ -151.099133953841999, 61.075464840328301 ], [ -150.939792904646993, 61.1451182115037 ], [ -150.780451855451986, 61.214771582679099 ], [ -150.621110806257008, 61.284424953854497 ], [ -150.484026150495026, 61.159006252682211 ], [ -150.346941494732988, 61.033587551509903 ], [ -150.479788683047218, 60.995114447668584 ], [ -150.612635871361476, 60.956641343827272 ], [ -150.745483059675735, 60.918168239985967 ], [ -150.878330247989993, 60.87969513614464 ], [ -151.011177436304251, 60.841222032303335 ], [ -151.14402462461851, 60.802748928462023 ], [ -151.276871812932768, 60.764275824620718 ], [ -151.409719001246998, 60.725802720779406 ], [ -151.465933270249479, 60.603200385166922 ], [ -151.522147539251989, 60.480598049554445 ], [ -151.578361808254499, 60.357995713941982 ], [ -151.634576077257009, 60.235393378329491 ], [ -151.690790346259519, 60.112791042717021 ], [ -151.747004615262, 59.990188707104558 ], [ -151.803218884264481, 59.867586371492067 ], [ -151.859433153266991, 59.744984035879597 ], [ -151.787912970975015, 59.450402533599807 ], [ -151.716392788683009, 59.155821031320002 ], [ -151.577874111924643, 59.182369798409937 ], [ -151.439355435166249, 59.208918565499879 ], [ -151.300836758407883, 59.23546733258982 ], [ -151.162318081649516, 59.262016099679755 ], [ -151.023799404891122, 59.288564866769697 ], [ -150.885280728132756, 59.315113633859625 ], [ -150.74676205137439, 59.341662400949559 ], [ -150.608243374615995, 59.368211168039501 ], [ -150.388146989930988, 59.452572943756024 ], [ -150.16805060524598, 59.536934719472562 ], [ -149.947954220560973, 59.621296495189071 ], [ -149.727857835875994, 59.705658270905595 ], [ -149.58322842099912, 59.731722571442795 ], [ -149.438599006122246, 59.757786871979974 ], [ -149.293969591245371, 59.78385117251716 ], [ -149.149340176368497, 59.809915473054346 ], [ -149.004710761491623, 59.835979773591525 ], [ -148.860081346614749, 59.862044074128725 ], [ -148.715451931737874, 59.888108374665912 ], [ -148.570822516861, 59.914172675203091 ], [ -148.29444403785601, 59.946250820548357 ], [ -148.018065558850992, 59.97832896589361 ], [ -148.069625719170233, 60.151994076164456 ], [ -148.121185879489502, 60.32565918643531 ], [ -148.172746039808771, 60.499324296706149 ], [ -148.224306200128041, 60.672989406977003 ], [ -148.085564668755381, 60.699447740310454 ], [ -147.946823137382751, 60.725906073643898 ], [ -147.80808160601012, 60.75236440697735 ], [ -147.669340074637489, 60.778822740310801 ], [ -147.530598543264858, 60.805281073644252 ], [ -147.391857011892228, 60.831739406977711 ], [ -147.253115480519625, 60.858197740311148 ], [ -147.114373949146994, 60.884656073644607 ], [ -146.965771807607098, 60.831400280390817 ], [ -146.81716966606723, 60.778144487137027 ], [ -146.668567524527361, 60.724888693883237 ], [ -146.519965382987493, 60.671632900629447 ], [ -146.371363241447625, 60.618377107375672 ], [ -146.222761099907757, 60.565121314121882 ], [ -146.074158958367889, 60.511865520868092 ], [ -145.925556816827992, 60.458609727614302 ], [ -145.679722339084492, 60.401181062452935 ], [ -145.433887861340992, 60.343752397291574 ], [ -145.188053383597492, 60.286323732130221 ], [ -144.942218905853991, 60.228895066968846 ], [ -144.69638442811052, 60.171466401807479 ], [ -144.450549950366991, 60.114037736646132 ], [ -144.204715472623491, 60.05660907148475 ], [ -143.958880994879991, 59.999180406323404 ], [ -143.785826312465474, 60.009838670483603 ], [ -143.612771630051014, 60.020496934643802 ], [ -143.439716947636498, 60.031155198804001 ], [ -143.26666226522201, 60.0418134629642 ], [ -143.093607582807522, 60.052471727124399 ], [ -142.920552900393005, 60.063129991284598 ], [ -142.747498217978489, 60.073788255444796 ], [ -142.574443535564001, 60.084446519605002 ], [ -142.355797320760132, 60.039830379874985 ], [ -142.137151105956264, 59.995214240144975 ], [ -141.918504891152395, 59.950598100414965 ], [ -141.699858676348498, 59.905981960684954 ], [ -141.481212461544601, 59.861365820954944 ], [ -141.262566246740732, 59.816749681224934 ], [ -141.043920031936864, 59.772133541494917 ], [ -140.825273817132995, 59.727517401764899 ], [ -140.585902123202999, 59.680078436920944 ], [ -140.346530429273002, 59.632639472077003 ], [ -140.107158735343006, 59.585200507233054 ], [ -139.86778704141301, 59.537761542389099 ], [ -139.738550743805064, 59.472901160308773 ], [ -139.609314446197118, 59.40804077822844 ], [ -139.4800781485892, 59.343180396148114 ], [ -139.350841850981254, 59.278320014067774 ], [ -139.221605553373308, 59.21345963198744 ], [ -139.092369255765391, 59.148599249907114 ], [ -138.963132958157445, 59.083738867826789 ], [ -138.833896660549499, 59.018878485746441 ], [ -138.704660362941553, 58.954018103666115 ], [ -138.575424065333607, 58.889157721585789 ], [ -138.446187767725689, 58.824297339505456 ], [ -138.316951470117743, 58.75943695742513 ], [ -138.187715172509797, 58.69457657534479 ], [ -138.05847887490188, 58.629716193264457 ], [ -137.929242577293934, 58.564855811184131 ], [ -137.800006279685988, 58.499995429103805 ], [ -137.653513283469607, 58.464022172674603 ], [ -137.507020287253226, 58.428048916245423 ], [ -137.360527291036874, 58.392075659816236 ], [ -137.214034294820493, 58.356102403387055 ], [ -137.067541298604112, 58.320129146957861 ], [ -136.92104830238776, 58.284155890528673 ], [ -136.774555306171379, 58.248182634099493 ], [ -136.628062309954998, 58.212209377670298 ], [ -136.429330900245503, 58.209147549056993 ], [ -136.230599490536008, 58.206085720443696 ], [ -136.031868080826513, 58.203023891830398 ], [ -135.833136671117018, 58.199962063217107 ], [ -135.634405261407522, 58.19690023460381 ], [ -135.435673851698027, 58.193838405990519 ], [ -135.236942441988504, 58.190776577377207 ], [ -135.038211032279008, 58.187714748763909 ], [ -134.798174004283254, 58.171552944564652 ], [ -134.5581369762875, 58.155391140365403 ], [ -134.318099948291746, 58.13922933616616 ], [ -134.078062920295991, 58.123067531966903 ], [ -134.010702690803527, 58.005045020166314 ], [ -133.943342461310976, 57.887022508365703 ], [ -133.875982231818483, 57.7689999965651 ], [ -133.80862200232599, 57.650977484764503 ], [ -133.741261772833496, 57.532954972963914 ], [ -133.673901543341003, 57.414932461163303 ], [ -133.606541313848481, 57.2969099493627 ], [ -133.539181084355988, 57.178887437562111 ], [ -133.378034791668995, 57.077776038229032 ], [ -133.216888498981973, 56.976664638895961 ], [ -133.05574220629498, 56.875553239562883 ], [ -132.894595913608015, 56.774441840229798 ], [ -132.733449620920993, 56.673330440896727 ], [ -132.572303328234, 56.572219041563649 ], [ -132.411157035547006, 56.471107642230578 ], [ -132.250010742860013, 56.3699962428975 ], [ -132.179310923930529, 56.151941077287901 ], [ -132.108611105000989, 55.933885911678303 ], [ -132.037911286071534, 55.715830746068704 ], [ -131.967211467141993, 55.497775580459098 ], [ -131.746863159849511, 55.418058224094793 ], [ -131.526514852557, 55.338340867730494 ], [ -131.306166545264517, 55.258623511366196 ], [ -131.085818237972006, 55.178906155001897 ], [ -130.948391225845739, 55.084867967338781 ], [ -130.810964213719501, 54.99082977967565 ], [ -130.673537201593263, 54.896791592012534 ], [ -130.536110189466996, 54.802753404349403 ], [ -130.397081207939749, 54.923314520886379 ], [ -130.258052226412502, 55.043875637423348 ], [ -130.119023244885256, 55.164436753960331 ], [ -129.979994263358009, 55.2849978704973 ], [ -130.007770345714988, 55.915812079484198 ], [ -130.220276754407223, 55.995348568335409 ], [ -130.432783163099487, 56.07488505718662 ], [ -130.64528957179175, 56.154421546037838 ], [ -130.857795980484013, 56.233958034889049 ], [ -131.070302389176277, 56.31349452374026 ], [ -131.282808797868512, 56.393031012591479 ], [ -131.495315206560747, 56.47256750144269 ], [ -131.70782161525301, 56.552103990293901 ], [ -131.835646500303994, 56.694701875426304 ], [ -131.963471385355007, 56.837299760558707 ], [ -132.091296270406019, 56.979897645691096 ], [ -132.219121155457003, 57.122495530823507 ], [ -132.346946040507987, 57.265093415955903 ], [ -132.474770925559, 57.407691301088299 ], [ -132.602595810610012, 57.550289186220695 ], [ -132.730420695660996, 57.692887071353098 ], [ -132.808561718979263, 57.782561830264605 ], [ -132.886702742297501, 57.872236589176126 ], [ -132.96484376561574, 57.961911348087646 ], [ -133.042984788934007, 58.051586106999153 ], [ -133.121125812252245, 58.141260865910674 ], [ -133.199266835570484, 58.23093562482218 ], [ -133.277407858888751, 58.320610383733701 ], [ -133.355548882206989, 58.410285142645208 ], [ -133.469992801071385, 58.466638292059471 ], [ -133.584436719935752, 58.522991441473756 ], [ -133.698880638800119, 58.579344590888027 ], [ -133.813324557664487, 58.635697740302305 ], [ -133.927768476528854, 58.69205088971659 ], [ -134.04221239539325, 58.748404039130854 ], [ -134.156656314257646, 58.804757188545125 ], [ -134.271100233122013, 58.86111033795941 ], [ -134.439571861947769, 58.963468431221543 ], [ -134.608043490773525, 59.065826524483697 ], [ -134.776515119599253, 59.168184617745858 ], [ -134.944986748425009, 59.270542711007998 ], [ -135.077698286104521, 59.399850063710311 ], [ -135.210409823784005, 59.529157416412644 ], [ -135.343121361463488, 59.658464769114978 ], [ -135.475832899143001, 59.787772121817298 ], [ -135.601319425632795, 59.74728363711661 ], [ -135.726805952122504, 59.706795152415921 ], [ -135.852292478612242, 59.666306667715233 ], [ -135.977779005101979, 59.625818183014545 ], [ -136.103265531591717, 59.585329698313856 ], [ -136.228752058081483, 59.544841213613168 ], [ -136.354238584571249, 59.50435272891248 ], [ -136.479725111060986, 59.463864244211791 ], [ -136.601322986020733, 59.39400416730723 ], [ -136.72292086098048, 59.324144090402662 ], [ -136.844518735940255, 59.254284013498079 ], [ -136.966116610899974, 59.184423936593497 ], [ -137.087714485859721, 59.114563859688936 ], [ -137.209312360819467, 59.044703782784353 ], [ -137.330910235779243, 58.974843705879771 ], [ -137.452508110738989, 58.904983628975202 ], [ -137.563554304180229, 58.987123318103144 ], [ -137.674600497621498, 59.069263007231079 ], [ -137.785646691062738, 59.151402696359021 ], [ -137.896692884503977, 59.233542385486956 ], [ -138.007739077945246, 59.315682074614898 ], [ -138.118785271386486, 59.397821763742819 ], [ -138.229831464827726, 59.479961452870775 ], [ -138.340877658268994, 59.562101141998696 ], [ -138.515408348780738, 59.671577663809046 ], [ -138.689939039292483, 59.781054185619404 ], [ -138.864469729804227, 59.890530707429747 ], [ -139.039000420316, 60.00000722924009 ], [ -139.282499769275262, 60.069214891186967 ], [ -139.525999118234495, 60.138422553133843 ], [ -139.769498467193728, 60.207630215080727 ], [ -140.012997816152989, 60.276837877027603 ], [ -140.259190799145472, 60.284227606845356 ], [ -140.505383782137983, 60.291617336663094 ], [ -140.751576765130494, 60.299007066480854 ], [ -140.997769748123005, 60.306396796298607 ], [ -140.995134250076006, 63.153212693933646 ], [ -140.992498752029007, 66.000028591568693 ], [ -140.989243540517009, 67.856013495547444 ], [ -140.985988329005011, 69.711998399526195 ], [ -141.25761883393227, 69.746983344187797 ] ] ] ] } },
{ "type": "Feature", "properties": { "name": "Idaho", "name_alt": "ID|Idaho", "code_hasc": "US.ID", "statefp": 16, "statefp_nu": 16, "sq_mi": 83516.522, "pers_sq_mi": 19.2, "acs_14_5yr": "0400000US16", "total_pop": 1599464, "pop_16up": 1216172, "lab_for": 63.2, "employed": 57.8, "unemp_rate": 8.1, "hh_est": 585259, "hh_med_inc": 47334, "hh_mea_inc": 61544 }, "geometry": { "type": "Polygon", "coordinates": [ [ [ -116.294032965950265, 49.000103715605505 ], [ -116.539831916146511, 48.999838873889999 ], [ -116.785630866342757, 48.999574032174507 ], [ -117.031429816538989, 48.999309190459002 ], [ -117.026649746551982, 47.722927151065903 ], [ -117.012361213023496, 47.026548468608652 ], [ -116.99807267949501, 46.330169786151394 ], [ -116.906527879690017, 46.177775987322804 ], [ -116.915002814585989, 45.999983222022507 ], [ -116.796999681447502, 45.903671271338553 ], [ -116.678996548309001, 45.807359320654598 ], [ -116.511254849088999, 45.726408189469304 ], [ -116.457795579882998, 45.574531154963509 ], [ -116.558874681445999, 45.444358222020298 ], [ -116.626079881641502, 45.315503038100502 ], [ -116.693285081837004, 45.186647854180698 ], [ -116.764714830372498, 45.025249437025096 ], [ -116.836144578908005, 44.8638510198695 ], [ -116.943838263804508, 44.764903571138703 ], [ -117.051531948701012, 44.665956122407898 ], [ -117.121915249482512, 44.552448838878746 ], [ -117.192298550263985, 44.438941555349601 ], [ -117.194391445772013, 44.279132188486997 ], [ -117.007606981253005, 44.2114102239685 ], [ -116.926655850068002, 44.0812114528092 ], [ -117.013963182425002, 43.797068589852209 ], [ -117.028251715953019, 42.000020656902301 ], [ -116.841124895070124, 41.999589481670363 ], [ -116.653998074187257, 41.999158306438432 ], [ -116.46687125330439, 41.9987271312065 ], [ -116.279744432421495, 41.998295955974569 ], [ -116.092617611538628, 41.997864780742638 ], [ -115.905490790655733, 41.997433605510707 ], [ -115.718363969772867, 41.997002430278776 ], [ -115.53123714889, 41.996571255046845 ], [ -115.344110328007133, 41.996140079814914 ], [ -115.156983507124238, 41.995708904582983 ], [ -114.969856686241371, 41.995277729351052 ], [ -114.782729865358505, 41.994846554119121 ], [ -114.595603044475624, 41.994415378887183 ], [ -114.408476223592743, 41.993984203655259 ], [ -114.221349402709876, 41.993553028423335 ], [ -114.034222581826995, 41.993121853191404 ], [ -113.847723952574114, 41.99365153662238 ], [ -113.661225323321247, 41.99418122005337 ], [ -113.474726694068366, 41.994710903484361 ], [ -113.288228064815485, 41.995240586915351 ], [ -113.101729435562618, 41.995770270346334 ], [ -112.915230806309737, 41.996299953777317 ], [ -112.728732177056855, 41.996829637208307 ], [ -112.542233547803988, 41.997359320639298 ], [ -112.355734918551121, 41.997889004070288 ], [ -112.16923628929824, 41.998418687501271 ], [ -111.982737660045359, 41.998948370932261 ], [ -111.796239030792492, 41.999478054363252 ], [ -111.609740401539625, 42.000007737794228 ], [ -111.423241772286744, 42.000537421225225 ], [ -111.236743143033863, 42.001067104656215 ], [ -111.050244513780996, 42.001596788087198 ], [ -111.049727749458, 44.488163357107602 ], [ -111.085177782010007, 44.506146755545203 ], [ -111.194189215929995, 44.561156317719899 ], [ -111.291547614368, 44.701406154960004 ], [ -111.400016445749003, 44.728923855155401 ], [ -111.471200731230994, 44.629705105155054 ], [ -111.542385016712998, 44.5304863551547 ], [ -111.771492479279004, 44.498214423188401 ], [ -111.912653113638257, 44.513820705740549 ], [ -112.053813747997509, 44.529426988292698 ], [ -112.194974382356747, 44.545033270844854 ], [ -112.336135016716, 44.560639553397003 ], [ -112.362593350048996, 44.462221788097104 ], [ -112.526368883090001, 44.480476487804196 ], [ -112.690144416131005, 44.498731187511297 ], [ -112.874810146925995, 44.360083319672199 ], [ -112.963448147414994, 44.489997870453948 ], [ -113.052086147904006, 44.619912421235703 ], [ -113.174843512812998, 44.7654332545697 ], [ -113.378577847124021, 44.789772854179098 ], [ -113.439426846147001, 44.862791653007498 ], [ -113.502937181434007, 45.124222723972103 ], [ -113.680213182410995, 45.249072984389301 ], [ -113.737354397417988, 45.4070349187975 ], [ -113.794495612424996, 45.564996853205699 ], [ -113.914100714963993, 45.702585354182801 ], [ -114.035798713011999, 45.730103054378198 ], [ -114.13793718143701, 45.589336452815097 ], [ -114.335315314574999, 45.470273952814701 ], [ -114.513650682415005, 45.569234320653599 ], [ -114.523701748495, 45.825368557308302 ], [ -114.407274746542001, 45.889912421240801 ], [ -114.491429816529006, 46.147080186541302 ], [ -114.394045579874998, 46.410087388690798 ], [ -114.284517381633009, 46.631805121439093 ], [ -114.435063748006996, 46.636572272318041 ], [ -114.585610114380998, 46.641339423197003 ], [ -114.714465298301008, 46.713828538594406 ], [ -114.843320482221003, 46.786317653991802 ], [ -114.982485114382996, 46.940843105652547 ], [ -115.121649746545003, 47.095368557313293 ], [ -115.204990912723488, 47.172883205751141 ], [ -115.288332078902002, 47.250397854189004 ], [ -115.403699713993504, 47.297759304384499 ], [ -115.519067349085006, 47.345120754579995 ], [ -115.611929897913512, 47.425025438011303 ], [ -115.704792446742005, 47.504930121442598 ], [ -115.704275682418981, 47.684841620466699 ], [ -115.836037665655496, 47.817662970564896 ], [ -115.967799648891997, 47.950484320663101 ], [ -116.008016832322994, 48.475426438992045 ], [ -116.048234015753991, 49.000368557321003 ], [ -116.294032965950265, 49.000103715605505 ] ] ] } },
{ "type": "Feature", "properties": { "name": "North Carolina", "name_alt": "NC|N.C.", "code_hasc": "US.NC", "statefp": 37, "statefp_nu": 37, "sq_mi": 49378.225, "pers_sq_mi": 197.5, "acs_14_5yr": "0400000US37", "total_pop": 9750405, "pop_16up": 7717630, "lab_for": 63.2, "employed": 55.6, "unemp_rate": 10.5, "hh_est": 3742514, "hh_med_inc": 46693, "hh_mea_inc": 64555 }, "geometry": { "type": "Polygon", "coordinates": [ [ [ -82.976376715817196, 35.008664455702501 ], [ -82.841436631995023, 35.051523596734597 ], [ -82.706496548172851, 35.094382737766701 ], [ -82.571556464350678, 35.137241878798804 ], [ -82.436616380528505, 35.1801010198309 ], [ -82.20602968008815, 35.177988745660926 ], [ -81.975442979647795, 35.175876471490952 ], [ -81.744856279207454, 35.173764197320985 ], [ -81.514269578767099, 35.171651923150996 ], [ -81.28012366405261, 35.148630072565055 ], [ -81.045977749338107, 35.1256082219791 ], [ -81.038019578765102, 35.037241522759899 ], [ -80.937483079741298, 35.103387356093599 ], [ -80.780851813464693, 34.934043687473107 ], [ -80.783513149727696, 34.8176425237356 ], [ -80.505829840807294, 34.81512329766138 ], [ -80.228146531886892, 34.812604071587145 ], [ -79.950463222966505, 34.810084845512918 ], [ -79.672779914046103, 34.807565619438698 ], [ -79.53294671804133, 34.689297644584727 ], [ -79.393113522036543, 34.571029669730748 ], [ -79.253280326031771, 34.45276169487677 ], [ -79.113447130026998, 34.334493720022799 ], [ -78.973613934022225, 34.216225745168828 ], [ -78.833780738017452, 34.097957770314849 ], [ -78.69394754201268, 33.979689795460871 ], [ -78.554114346007907, 33.8614218206069 ], [ -78.304537173003894, 33.893445910303505 ], [ -78.054959999999895, 33.92547 ], [ -77.890628749999919, 34.072105 ], [ -77.726297499999944, 34.21874 ], [ -77.561966249999969, 34.365375 ], [ -77.397635, 34.51201 ], [ -77.139068628410556, 34.586163746575153 ], [ -76.880502256821103, 34.660317493150302 ], [ -76.62193588523165, 34.734471239725458 ], [ -76.363369513642198, 34.8086249863006 ], [ -76.204354671926097, 34.994098161350209 ], [ -76.045339830209997, 35.179571336399803 ], [ -75.886324988493897, 35.365044511449398 ], [ -75.727310146777796, 35.550517686498999 ], [ -75.762501797168539, 35.800683295223948 ], [ -75.797693447559297, 36.050848903948904 ], [ -75.832885097950054, 36.301014512673859 ], [ -75.868076748340798, 36.551180121398801 ], [ -76.136361440039778, 36.549856362564007 ], [ -76.404646131738758, 36.548532603729193 ], [ -76.672930823437724, 36.547208844894399 ], [ -76.941215515136705, 36.545885086059599 ], [ -77.205798625946017, 36.543772697448745 ], [ -77.470381736755343, 36.541660308837898 ], [ -77.734964847564669, 36.539547920227051 ], [ -77.999547958373995, 36.537435531616197 ], [ -78.248654127120943, 36.538029670715318 ], [ -78.497760295867892, 36.538623809814446 ], [ -78.74686646461484, 36.539217948913581 ], [ -78.995972633361788, 36.539812088012695 ], [ -79.245078802108736, 36.540406227111824 ], [ -79.494184970855684, 36.541000366210959 ], [ -79.743291139602633, 36.541594505310073 ], [ -79.992397308349595, 36.542188644409208 ], [ -80.203269481658921, 36.547611713409438 ], [ -80.414141654968248, 36.553034782409675 ], [ -80.625013828277574, 36.558457851409912 ], [ -80.8358860015869, 36.563880920410149 ], [ -81.046758174896226, 36.569303989410386 ], [ -81.257630348205552, 36.574727058410623 ], [ -81.468502521514878, 36.580150127410867 ], [ -81.679374694824205, 36.585573196411104 ], [ -81.874638040864596, 36.578028199444248 ], [ -82.069901386905002, 36.570483202477391 ], [ -81.874638583422296, 36.578026994783201 ], [ -81.679375779939605, 36.585570787088997 ], [ -81.704774746411104, 36.460152085916597 ], [ -81.693664313468318, 36.317292588845703 ], [ -81.897398647778999, 36.27391022393671 ], [ -82.051394416008804, 36.106142686501194 ], [ -82.223890346999099, 36.125728054339802 ], [ -82.408568996902204, 36.031534837379851 ], [ -82.593247646805295, 35.9373416204199 ], [ -82.674224616206601, 36.025191555315907 ], [ -82.799901699540442, 35.95745667168935 ], [ -82.925578782874297, 35.889721788062793 ], [ -82.920281948564394, 35.817219753557303 ], [ -83.1107871162084, 35.737327989234103 ], [ -83.209721645831095, 35.648961290015002 ], [ -83.438338182290394, 35.562687486303702 ], [ -83.673285081705401, 35.516669623347802 ], [ -83.875960049154102, 35.490211290014294 ], [ -84.017760179362995, 35.369004218073698 ], [ -84.0870841132826, 35.261594753555102 ], [ -84.298750779950097, 35.1986270208074 ], [ -84.320971645835598, 34.986960354139903 ], [ -84.165396516643909, 34.985968812595303 ], [ -84.009821387452206, 34.984977271050703 ], [ -83.854246258260503, 34.983985729506102 ], [ -83.698671129068799, 34.982994187961502 ], [ -83.543095999877096, 34.982002646416902 ], [ -83.387520870685407, 34.981011104872302 ], [ -83.231945741493689, 34.980019563327701 ], [ -83.076370612302, 34.979028021783108 ], [ -82.976376715817196, 35.008664455702501 ] ] ] } },
{ "type": "Feature", "properties": { "name": "Oregon", "name_alt": "OR|Ore.", "code_hasc": "US.OR", "statefp": 41, "statefp_nu": 41, "sq_mi": 97033.269, "pers_sq_mi": 40.2, "acs_14_5yr": "0400000US41", "total_pop": 3900343, "pop_16up": 3139152, "lab_for": 62.5, "employed": 55.8, "unemp_rate": 10.5, "hh_est": 1522988, "hh_med_inc": 50521, "hh_mea_inc": 67671 }, "geometry": { "type": "Polygon", "coordinates": [ [ [ -117.17290696904665, 45.99905627601828 ], [ -117.430811123507254, 45.998129330014059 ], [ -117.688715277967873, 45.997202384009817 ], [ -117.946619432428506, 45.996275438005597 ], [ -118.204523586889096, 45.995348492001369 ], [ -118.462427741349757, 45.994421545997149 ], [ -118.720331895810375, 45.993494599992928 ], [ -118.978236050271008, 45.992567653988701 ], [ -119.157617865863983, 45.940451972022295 ], [ -119.336999681456987, 45.888336290055904 ], [ -119.592049520478, 45.932235419287899 ], [ -119.787308919892993, 45.850767523779801 ], [ -119.972788554496503, 45.79571920428085 ], [ -120.158268189100014, 45.740670884781899 ], [ -120.383952088027016, 45.747285468115244 ], [ -120.609635986954018, 45.75390005144861 ], [ -120.83719315655101, 45.672948920263401 ], [ -121.046741089495001, 45.637498887711097 ], [ -121.203889120094004, 45.689898790055203 ], [ -121.382482870094492, 45.711331590348252 ], [ -121.561076620094994, 45.732764390641307 ], [ -121.788091187154009, 45.7009833847818 ], [ -121.981503154113994, 45.648066718114848 ], [ -122.174915121073994, 45.595150051447902 ], [ -122.420455689109019, 45.591997789078206 ], [ -122.651707723615004, 45.630083319677297 ], [ -122.725785889305982, 45.770333156917594 ], [ -122.752244222638993, 45.938074856136801 ], [ -122.845106771467513, 46.033585822120358 ], [ -122.937969320296006, 46.129096788103908 ], [ -123.083231771468505, 46.157673855161242 ], [ -123.228494222641004, 46.186250922218598 ], [ -123.349933838526979, 46.231752020851651 ], [ -123.471373454413012, 46.277253119484698 ], [ -123.6240385545115, 46.279643154478151 ], [ -123.776703654610017, 46.282033189471598 ], [ -123.998676326784008, 46.283069487104392 ], [ -123.948803163392014, 45.903239743552255 ], [ -123.89893, 45.52341 ], [ -123.9597325, 45.069652500000096 ], [ -124.020535, 44.615895 ], [ -124.0813375, 44.1621375000001 ], [ -124.14214, 43.70838 ], [ -124.239815, 43.472782500000093 ], [ -124.33749, 43.237185 ], [ -124.435165, 43.001587500000092 ], [ -124.53284, 42.765990000000102 ], [ -124.4530821892875, 42.574362013590928 ], [ -124.373324378575006, 42.382734027181755 ], [ -124.293566567862527, 42.191106040772581 ], [ -124.213808757150005, 41.999478054363401 ], [ -123.950381683988184, 41.999048494019974 ], [ -123.686954610826376, 41.998618933676539 ], [ -123.423527537664555, 41.998189373333105 ], [ -123.160100464502776, 41.997759812989671 ], [ -122.896673391340954, 41.997330252646236 ], [ -122.633246318179147, 41.996900692302809 ], [ -122.369819245017311, 41.996471131959382 ], [ -122.106392171855518, 41.996041571615947 ], [ -121.842965098693696, 41.995612011272513 ], [ -121.579538025531861, 41.995182450929086 ], [ -121.316110952370053, 41.994752890585659 ], [ -121.052683879208232, 41.994323330242224 ], [ -120.789256806046453, 41.99389376989879 ], [ -120.525829732884631, 41.993464209555363 ], [ -120.262402659722824, 41.993034649211936 ], [ -119.998975586561002, 41.992605088868508 ], [ -119.813305344648001, 41.992902228354176 ], [ -119.627635102735027, 41.99319936783985 ], [ -119.441964860822011, 41.993496507325524 ], [ -119.25629461890901, 41.993793646811199 ], [ -119.070624376996008, 41.994090786296873 ], [ -118.884954135082992, 41.994387925782547 ], [ -118.699283893170019, 41.994685065268214 ], [ -118.513613651257018, 41.994982204753896 ], [ -118.327943409344002, 41.995279344239577 ], [ -118.142273167431, 41.995576483725245 ], [ -117.956602925517998, 41.995873623210919 ], [ -117.770932683604983, 41.996170762696593 ], [ -117.585262441692009, 41.996467902182268 ], [ -117.399592199778994, 41.996765041667949 ], [ -117.21392195786602, 41.997062181153623 ], [ -117.028251715953019, 41.997359320639298 ], [ -117.028251715953019, 42.000020656902301 ], [ -117.013963182425002, 43.797068589852209 ], [ -116.926655850068002, 44.0812114528092 ], [ -117.007606981253005, 44.2114102239685 ], [ -117.194391445772013, 44.279132188486997 ], [ -117.192298550263985, 44.438941555349601 ], [ -117.121915249482512, 44.552448838878746 ], [ -117.051531948701012, 44.665956122407898 ], [ -116.943838263804508, 44.764903571138703 ], [ -116.836144578908005, 44.8638510198695 ], [ -116.764714830372498, 45.025249437025096 ], [ -116.693285081837004, 45.186647854180698 ], [ -116.626079881641502, 45.315503038100502 ], [ -116.558874681445999, 45.444358222020298 ], [ -116.457795579882998, 45.574531154963509 ], [ -116.511254849088999, 45.726408189469304 ], [ -116.678996548309001, 45.807359320654598 ], [ -116.796999681447502, 45.903671271338553 ], [ -116.915002814585989, 45.999983222022507 ], [ -117.17290696904665, 45.99905627601828 ] ] ] } },
{ "type": "Feature", "properties": { "name": "New Jersey", "name_alt": "NJ|N.J.", "code_hasc": "US.NJ", "statefp": 34, "statefp_nu": 34, "sq_mi": 7611.376, "pers_sq_mi": 1165.9, "acs_14_5yr": "0400000US34", "total_pop": 8874374, "pop_16up": 7080181, "lab_for": 66.3, "employed": 59.8, "unemp_rate": 9.7, "hh_est": 3188498, "hh_med_inc": 72062, "hh_mea_inc": 98286 }, "geometry": { "type": "Polygon", "coordinates": [ [ [ -75.364037746873947, 39.373501390127551 ], [ -75.2002622138329, 39.248353990224707 ], [ -74.980663214808601, 39.196496690419799 ], [ -74.906042446579093, 38.939303086903095 ], [ -74.815091925745406, 39.035547212269705 ], [ -74.724141404911705, 39.131791337636301 ], [ -74.633190884078005, 39.228035463002897 ], [ -74.542240363244304, 39.324279588369507 ], [ -74.451289842410603, 39.42052371373611 ], [ -74.360339321576902, 39.516767839102705 ], [ -74.269388800743201, 39.613011964469294 ], [ -74.1784382799095, 39.709256089835897 ], [ -74.124438709932122, 39.88884956737693 ], [ -74.070439139954743, 40.068443044917949 ], [ -74.016439569977365, 40.248036522458975 ], [ -73.96244, 40.42763 ], [ -74.109596956523944, 40.450499827959845 ], [ -74.256753913047902, 40.473369655919697 ], [ -74.104539456523895, 40.612059827959847 ], [ -73.952325, 40.75075 ], [ -73.912795579713205, 40.960187486325403 ], [ -74.104353654665147, 41.059012203529527 ], [ -74.295911729617103, 41.157836920733651 ], [ -74.487469804569059, 41.256661637937782 ], [ -74.679027879521001, 41.355486355141892 ], [ -74.801268480107396, 41.311561387693899 ], [ -74.888588731572597, 41.199643154457711 ], [ -74.975908983037797, 41.087724921221508 ], [ -75.135718349900401, 40.999874986325501 ], [ -75.082259080694499, 40.869702053382298 ], [ -75.199202846970906, 40.747461452795704 ], [ -75.203957078741794, 40.586618557287409 ], [ -75.095488247361104, 40.555380153966901 ], [ -75.078021613246406, 40.449546820633302 ], [ -74.920602281377313, 40.320161953282451 ], [ -74.763182949508206, 40.1907770859316 ], [ -74.891753913050493, 40.081791490228099 ], [ -75.010286729619949, 40.015645656894456 ], [ -75.128819546189405, 39.949499823560799 ], [ -75.200804816371999, 39.887048855136101 ], [ -75.4055726793285, 39.795504055331094 ], [ -75.554271613248403, 39.6912468531823 ], [ -75.527813279914994, 39.498648790030394 ], [ -75.364037746873947, 39.373501390127551 ] ] ] } },
{ "type": "Feature", "properties": { "name": "Minnesota", "name_alt": "MN|Minn.", "code_hasc": "US.MN", "statefp": 27, "statefp_nu": 27, "sq_mi": 86869.681, "pers_sq_mi": 62.000000000000007, "acs_14_5yr": "0400000US27", "total_pop": 5383661, "pop_16up": 4247699, "lab_for": 70.1, "employed": 65.5, "unemp_rate": 6.5, "hh_est": 2115337, "hh_med_inc": 60828, "hh_mea_inc": 79106 }, "geometry": { "type": "Polygon", "coordinates": [ [ [ -89.842830980167506, 47.464725857119497 ], [ -89.728005947615003, 47.641976019880595 ], [ -89.613697679385396, 47.819252020858002 ], [ -89.522695482119303, 47.960535386743899 ], [ -89.490031934662198, 48.013406022890997 ], [ -89.599409145856697, 48.010273952824797 ], [ -89.599951748395796, 48.010273952824797 ], [ -89.753740810896403, 48.042752590520259 ], [ -89.907529873396996, 48.075231228215699 ], [ -90.061318935897589, 48.107709865911147 ], [ -90.215107998398196, 48.140188503606588 ], [ -90.368897060898817, 48.172667141302043 ], [ -90.522686123399396, 48.205145778997498 ], [ -90.676475185899989, 48.237624416692952 ], [ -90.830264248400596, 48.2701030543884 ], [ -91.032667914579818, 48.237559821152608 ], [ -91.23507158075904, 48.205016587916802 ], [ -91.437475246938277, 48.17247335468101 ], [ -91.639878913117499, 48.139930121445197 ], [ -91.761124742382293, 48.178690675441104 ], [ -91.882370571647101, 48.217451229437017 ], [ -92.003616400911909, 48.256211783432931 ], [ -92.124862230176703, 48.294972337428845 ], [ -92.246108059441497, 48.333732891424759 ], [ -92.367353888706305, 48.372493445420673 ], [ -92.488599717971113, 48.411253999416587 ], [ -92.609845547235906, 48.450014553412494 ], [ -92.865036689001244, 48.489831244493374 ], [ -93.120227830766595, 48.529647935574246 ], [ -93.375418972531946, 48.569464626655119 ], [ -93.630610114297298, 48.609281317735999 ], [ -93.805237698119598, 48.624629218126699 ], [ -93.979865281941912, 48.639977118517407 ], [ -94.154492865764198, 48.655325018908101 ], [ -94.329120449586497, 48.670672919298802 ], [ -94.484692349001207, 48.755344753609059 ], [ -94.640264248415903, 48.840016587919301 ], [ -94.728902248904546, 49.114650987334507 ], [ -94.817540249393204, 49.389285386749698 ], [ -94.986870998905545, 49.386649888702806 ], [ -95.156201748417899, 49.384014390655899 ], [ -95.158837246464799, 48.999825954781905 ], [ -95.417600521612314, 48.99995837563965 ], [ -95.676363796759844, 49.000090796497396 ], [ -95.935127071907374, 49.000223217355142 ], [ -96.193890347054904, 49.000355638212902 ], [ -96.452653622202419, 49.000488059070648 ], [ -96.711416897349949, 49.000620479928401 ], [ -96.970180172497464, 49.000752900786154 ], [ -97.228943447644994, 49.000885321643906 ], [ -97.214138149793399, 48.902441718127903 ], [ -97.120474616264403, 48.758522854195 ], [ -97.127347581759196, 48.642121690457593 ], [ -97.161221483126496, 48.514584255561211 ], [ -97.148509080782702, 48.318782253607303 ], [ -97.131042446668104, 48.137294623398198 ], [ -97.015158047253493, 47.954205023788099 ], [ -96.893976813529093, 47.748868720076409 ], [ -96.844238247448203, 47.546193752627708 ], [ -96.824652879609602, 47.426614488304303 ], [ -96.820415412161694, 47.292204087913099 ], [ -96.779694383515604, 46.999043687521301 ], [ -96.745820482148304, 46.944525051453304 ], [ -96.733650682343594, 46.716476955749293 ], [ -96.685488247447594, 46.513285223977704 ], [ -96.601359015676394, 46.351357123391089 ], [ -96.538908047251695, 46.199480088885402 ], [ -96.539450649790794, 46.017966620460207 ], [ -96.556891445689203, 45.872445787126203 ], [ -96.668809678925356, 45.816622321142901 ], [ -96.78072791216151, 45.760798855159599 ], [ -96.834703945690293, 45.625329087906408 ], [ -96.735769416067512, 45.4708165553537 ], [ -96.560612148814201, 45.3930176865384 ], [ -96.530316840383108, 45.153704128594725 ], [ -96.500021531952001, 44.914390570651051 ], [ -96.469726223520894, 44.675077012707376 ], [ -96.439430915089815, 44.435763454763702 ], [ -96.452660081756505, 43.501789455736507 ], [ -96.179479081999546, 43.501388963386219 ], [ -95.9062980822426, 43.500988471035953 ], [ -95.633117082485654, 43.500587978685672 ], [ -95.359936082728694, 43.500187486335399 ], [ -95.190072420008292, 43.501841132168742 ], [ -95.02020875728789, 43.503494778002086 ], [ -94.850345094567501, 43.505148423835408 ], [ -94.680481431847099, 43.506802069668751 ], [ -94.510617769126696, 43.508455715502087 ], [ -94.340754106406308, 43.510109361335431 ], [ -94.170890443685906, 43.511763007168767 ], [ -94.001026780965503, 43.513416653002103 ], [ -93.818399039469, 43.514211178148599 ], [ -93.635771297972497, 43.515005703295103 ], [ -93.453143556475993, 43.515800228441599 ], [ -93.270515814979504, 43.516594753588102 ], [ -93.087888073483015, 43.517389278734598 ], [ -92.905260331986511, 43.518183803881101 ], [ -92.722632590490008, 43.518978329027604 ], [ -92.540004848993519, 43.5197728541741 ], [ -92.37602906977736, 43.517457104052014 ], [ -92.212053290561201, 43.51514135392992 ], [ -92.048077511345042, 43.512825603807826 ], [ -91.884101732128897, 43.510509853685747 ], [ -91.720125952912753, 43.50819410356366 ], [ -91.556150173696608, 43.505878353441581 ], [ -91.392174394480463, 43.503562603319487 ], [ -91.228198615264304, 43.501246853197401 ], [ -91.254656948597699, 43.613978990242103 ], [ -91.257292446644598, 43.854739488290001 ], [ -91.289590216826994, 43.937292588876296 ], [ -91.458649665069856, 44.011370754566663 ], [ -91.627709113312704, 44.085448920257001 ], [ -91.753657497916109, 44.1714385035907 ], [ -91.879605882519499, 44.257428086924399 ], [ -91.949989183301, 44.364837551443003 ], [ -92.062152879590499, 44.432585354177689 ], [ -92.223822598015659, 44.503756720551699 ], [ -92.385492316440804, 44.574928086925702 ], [ -92.505071580764195, 44.583919786144399 ], [ -92.650863715367592, 44.679973354666949 ], [ -92.796655849971003, 44.776026923189498 ], [ -92.766476813512597, 44.9961426865367 ], [ -92.765417446650602, 45.267082221042998 ], [ -92.689220547236303, 45.5184363877107 ], [ -92.794524197139054, 45.612099921239704 ], [ -92.899827847041806, 45.705763454768707 ], [ -92.756968349970904, 45.889912421240801 ], [ -92.543699713902299, 45.985694688493808 ], [ -92.420141364292448, 46.040988471046106 ], [ -92.296583014682597, 46.096282253598403 ], [ -92.2648278470392, 46.095222886736408 ], [ -92.274878913120006, 46.656144721048598 ], [ -92.143388231153352, 46.683933722513537 ], [ -92.011897549186699, 46.711722723978497 ], [ -91.964794481152595, 46.72970612241599 ], [ -91.840977749381295, 46.778385321635 ], [ -91.716618415070897, 46.827607123393001 ], [ -91.592259080760499, 46.8762604843959 ], [ -91.4684423489892, 46.924965521830899 ], [ -91.264708014678504, 47.021264553406802 ], [ -91.060973680367795, 47.117046820659802 ], [ -90.857781948596099, 47.212829087912802 ], [ -90.654047614285403, 47.309128119488697 ], [ -90.479949713894115, 47.303857123394899 ], [ -90.305851813502798, 47.298017686545897 ], [ -90.131753913111396, 47.292746690452198 ], [ -89.957656012720093, 47.286907253603196 ], [ -89.842830980167506, 47.464725857119497 ] ] ] } },
{ "type": "Feature", "properties": { "name": "New Hampshire", "name_alt": "NH|N.H.", "code_hasc": "US.NH", "statefp": 33, "statefp_nu": 33, "sq_mi": 9341.598, "pers_sq_mi": 141.4, "acs_14_5yr": "0400000US33", "total_pop": 1321069, "pop_16up": 1080795, "lab_for": 68.7, "employed": 64.1, "unemp_rate": 6.5, "hh_est": 519580, "hh_med_inc": 65986, "hh_mea_inc": 84480 }, "geometry": { "type": "Polygon", "coordinates": [ [ [ -70.730392930774698, 42.977635403 ], [ -70.645734015572501, 43.090083319667102 ], [ -70.751024746367193, 43.080032253586403 ], [ -70.797611050078302, 43.219739488287509 ], [ -70.889685533314349, 43.293817653977896 ], [ -70.981760016550396, 43.367895819668298 ], [ -70.944165412058098, 43.466339423184301 ], [ -70.979329059043579, 43.926064567388224 ], [ -71.014492706029046, 44.385789711592153 ], [ -71.049656353014512, 44.845514855796075 ], [ -71.08482, 45.30524 ], [ -71.244956674942699, 45.28007621061915 ], [ -71.405093349885405, 45.254912421238302 ], [ -71.505087246370294, 45.00831248634141 ], [ -71.503511115185304, 45.007795722018507 ], [ -71.5619829983236, 44.871796271334404 ], [ -71.620454881461896, 44.7357968206503 ], [ -71.546376715771501, 44.592394721040293 ], [ -71.585521613232601, 44.468035386729895 ], [ -71.697711147738261, 44.410093187022696 ], [ -71.809900682243907, 44.352150987315497 ], [ -72.003041347934797, 44.304014390635501 ], [ -72.036372646762999, 44.206630153981507 ], [ -72.059136115187599, 44.045761420257001 ], [ -72.178198615188094, 43.808695787117898 ], [ -72.260209113235206, 43.721388454760792 ], [ -72.369763149693995, 43.521891587897997 ], [ -72.403611212845206, 43.285368557298099 ], [ -72.434307013626594, 43.222917588873401 ], [ -72.458646613236098, 42.96045298926299 ], [ -72.5375048489134, 42.830796820642597 ], [ -72.457070482051193, 42.727082221032902 ], [ -72.306059027786262, 42.725958258630556 ], [ -72.155047573521344, 42.724834296228202 ], [ -72.004036119256426, 42.723710333825849 ], [ -71.853024664991494, 42.72258637142351 ], [ -71.702013210726577, 42.721462409021157 ], [ -71.551001756461645, 42.720338446618797 ], [ -71.399990302196727, 42.719214484216451 ], [ -71.248978847931795, 42.718090521814098 ], [ -71.145781012644903, 42.816508287113997 ], [ -70.933597581654396, 42.884256089848598 ], [ -70.815051845976896, 42.865187486332893 ], [ -70.730392930774698, 42.977635403 ] ] ] } },
{ "type": "Feature", "properties": { "name": "New York", "name_alt": "NY|N.Y.", "code_hasc": "US.NY", "statefp": 36, "statefp_nu": 36, "sq_mi": 52866.344, "pers_sq_mi": 370.6, "acs_14_5yr": "0400000US36", "total_pop": 19594330, "pop_16up": 15832743, "lab_for": 63.5, "employed": 57.7, "unemp_rate": 8.9, "hh_est": 7255528, "hh_med_inc": 58687, "hh_mea_inc": 85736 }, "geometry": { "type": "Polygon", "coordinates": [ [ [ -73.443961147745227, 42.226757463136948 ], [ -73.389985114216358, 42.399001471519796 ], [ -73.336009080687489, 42.571245479902643 ], [ -73.282033047158606, 42.743489488285498 ], [ -73.2608715481351, 43.155712388677749 ], [ -73.239710049111594, 43.567935289070007 ], [ -73.383112148721494, 43.575350857103899 ], [ -73.401638149698201, 43.613436387703103 ], [ -73.338127814411493, 43.758440456714098 ], [ -73.429672614216514, 44.019845689462507 ], [ -73.329136115192696, 44.226732286142997 ], [ -73.384171515583503, 44.379151923187905 ], [ -73.407968512653895, 44.676007188488597 ], [ -73.368281012653796, 44.804603990246903 ], [ -73.347662116169303, 45.0072531194795 ], [ -73.537566545287902, 45.006393998792667 ], [ -73.727470974406501, 45.005534878105827 ], [ -73.917375403525099, 45.004675757418994 ], [ -74.107279832643698, 45.003816636732154 ], [ -74.297184261762297, 45.002957516045313 ], [ -74.487088690880896, 45.00209839535848 ], [ -74.676993119999494, 45.001239274671633 ], [ -74.866897549118093, 45.0003801539848 ], [ -75.09258144804474, 44.908305670748703 ], [ -75.318265346971401, 44.816231187512599 ], [ -75.450357178599972, 44.726241039073528 ], [ -75.58244901022853, 44.63625089063445 ], [ -75.714540841857087, 44.546260742195372 ], [ -75.846632673485658, 44.456270593756294 ], [ -75.978724505114215, 44.36628044531723 ], [ -76.110816336742772, 44.276290296878152 ], [ -76.242908168371343, 44.186300148439074 ], [ -76.375, 44.09631 ], [ -76.5, 44.018458893758599 ], [ -76.586146613252509, 43.924063422209599 ], [ -76.696760016573293, 43.784898790047599 ], [ -76.820034145805593, 43.628784288093797 ], [ -77.057564866835193, 43.628322429980201 ], [ -77.295095587864793, 43.627860571866599 ], [ -77.532626308894393, 43.627398713752996 ], [ -77.770157029923993, 43.6269368556394 ], [ -78.007687750953593, 43.626474997525804 ], [ -78.245218471983193, 43.626013139412201 ], [ -78.482749193012793, 43.625551281298598 ], [ -78.720279914042393, 43.625089423185003 ], [ -78.845698615214602, 43.5832831894609 ], [ -79.002329881491406, 43.527188422207999 ], [ -79.171673550111805, 43.466339423184301 ], [ -79.090836775055863, 43.368169711592152 ], [ -79.01, 43.27 ], [ -78.919776780905096, 42.9652072210339 ], [ -78.939362148743697, 42.863611355148109 ], [ -79.147835754704346, 42.784431951237721 ], [ -79.356309360664994, 42.705252547327348 ], [ -79.564782966625643, 42.626073143416974 ], [ -79.773256572586305, 42.546893739506601 ], [ -79.760087246403302, 42.500067653974703 ], [ -79.760087246403302, 42.0000206569024 ], [ -79.565157284244322, 42.0000206569024 ], [ -79.370227322085327, 42.0000206569024 ], [ -79.175297359926333, 42.0000206569024 ], [ -78.980367397767353, 42.0000206569024 ], [ -78.785437435608372, 42.0000206569024 ], [ -78.590507473449378, 42.0000206569024 ], [ -78.395577511290384, 42.0000206569024 ], [ -78.200647549131403, 42.0000206569024 ], [ -78.018546261288861, 42.000085252442759 ], [ -77.836444973446334, 42.000149847983124 ], [ -77.654343685603791, 42.00021444352349 ], [ -77.472242397761249, 42.000279039063862 ], [ -77.290141109918707, 42.000343634604228 ], [ -77.108039822076165, 42.000408230144579 ], [ -76.925938534233637, 42.000472825684945 ], [ -76.743837246391095, 42.000537421225296 ], [ -76.57404140898808, 42.000340404827199 ], [ -76.404245571585079, 42.00014338842908 ], [ -76.234449734182064, 41.999946372030962 ], [ -76.064653896779049, 41.999749355632858 ], [ -75.894858059376034, 41.999552339234739 ], [ -75.725062221973019, 41.999355322836621 ], [ -75.555266384570018, 41.99915830643851 ], [ -75.385470547167003, 41.998961290040398 ], [ -75.276730414516805, 41.920374355632504 ], [ -75.167990281866594, 41.841787421224602 ], [ -75.048927781866198, 41.751301988281597 ], [ -75.075386115199507, 41.641231187499898 ], [ -75.010816413051003, 41.4957103541661 ], [ -74.840439215784599, 41.426386420246303 ], [ -74.679027879521001, 41.355486355141892 ], [ -74.487469804569059, 41.256661637937782 ], [ -74.295911729617103, 41.157836920733651 ], [ -74.104353654665147, 41.059012203529527 ], [ -73.912795579713205, 40.960187486325403 ], [ -73.952325, 40.75075 ], [ -73.982119513632796, 40.627882188472398 ], [ -73.822839830201175, 40.628411871903424 ], [ -73.663560146769555, 40.62894155533445 ], [ -73.504280463337921, 40.629471238765476 ], [ -73.3450007799063, 40.630000922196501 ], [ -73.169979163287763, 40.667505092932316 ], [ -72.994957546669212, 40.705009263668124 ], [ -72.819935930050661, 40.742513434403932 ], [ -72.64491431343211, 40.780017605139747 ], [ -72.469892696813574, 40.817521775875562 ], [ -72.294871080195009, 40.85502594661137 ], [ -72.119849463576458, 40.892530117347192 ], [ -71.944827846957907, 40.930034288083 ], [ -72.092997097446812, 41.024757188474055 ], [ -72.241166347935703, 41.119480088865096 ], [ -72.424770554443739, 41.095932871713778 ], [ -72.608374760951776, 41.072385654562453 ], [ -72.791978967459812, 41.048838437411128 ], [ -72.975583173967848, 41.025291220259803 ], [ -73.159187380475885, 41.001744003108477 ], [ -73.342791586983921, 40.978196785957152 ], [ -73.526395793491957, 40.954649568805834 ], [ -73.71, 40.931102351654502 ], [ -73.647886531787194, 40.954769276919897 ], [ -73.656687181274705, 40.9850696884738 ], [ -73.692679816365995, 41.107310289060401 ], [ -73.475173712849397, 41.204668687498099 ], [ -73.553489345987799, 41.289857286131308 ], [ -73.525713263630948, 41.672185370442705 ], [ -73.497937181274096, 42.054513454754108 ], [ -73.443961147745227, 42.226757463136948 ] ] ] } },
{ "type": "Feature", "properties": { "name": "Nevada", "name_alt": "NV|Nev.", "code_hasc": "US.NV", "statefp": 32, "statefp_nu": 32, "sq_mi": 110660.772, "pers_sq_mi": 25.0, "acs_14_5yr": "0400000US32", "total_pop": 2761584, "pop_16up": 2175721, "lab_for": 65.1, "employed": 57.000000000000007, "unemp_rate": 11.8, "hh_est": 1005958, "hh_med_inc": 52205, "hh_mea_inc": 69351 }, "geometry": { "type": "Polygon", "coordinates": [ [ [ -117.028251715953019, 41.997359320639298 ], [ -117.21392195786602, 41.997062181153623 ], [ -117.399592199778994, 41.996765041667949 ], [ -117.585262441692009, 41.996467902182268 ], [ -117.770932683604983, 41.996170762696593 ], [ -117.956602925517998, 41.995873623210919 ], [ -118.142273167431, 41.995576483725245 ], [ -118.327943409344002, 41.995279344239577 ], [ -118.513613651257018, 41.994982204753896 ], [ -118.699283893170019, 41.994685065268214 ], [ -118.884954135082992, 41.994387925782547 ], [ -119.070624376996008, 41.994090786296873 ], [ -119.25629461890901, 41.993793646811199 ], [ -119.441964860822011, 41.993496507325524 ], [ -119.627635102735027, 41.99319936783985 ], [ -119.813305344648001, 41.992902228354176 ], [ -119.998975586561002, 41.992605088868508 ], [ -120.000034953422997, 38.995397854155897 ], [ -119.882196488447121, 38.910961793568013 ], [ -119.76435802347126, 38.826525732980109 ], [ -119.646519558495385, 38.742089672392211 ], [ -119.528681093519495, 38.657653611804321 ], [ -119.410842628543634, 38.57321755121643 ], [ -119.293004163567758, 38.488781490628533 ], [ -119.175165698591897, 38.404345430040635 ], [ -119.057327233616007, 38.319909369452752 ], [ -118.939488768640132, 38.235473308864854 ], [ -118.821650303664271, 38.15103724827695 ], [ -118.703811838688381, 38.066601187689066 ], [ -118.585973373712505, 37.982165127101162 ], [ -118.468134908736644, 37.897729066513278 ], [ -118.350296443760755, 37.813293005925388 ], [ -118.232457978784879, 37.728856945337498 ], [ -118.114619513809018, 37.6444208847496 ], [ -118.002502649286257, 37.561772505741288 ], [ -117.890385784763509, 37.479124126732977 ], [ -117.778268920240748, 37.396475747724658 ], [ -117.666152055718015, 37.313827368716339 ], [ -117.55403519119524, 37.231178989708027 ], [ -117.441918326672507, 37.14853061069973 ], [ -117.329801462149746, 37.065882231691411 ], [ -117.217684597626999, 36.983233852683092 ], [ -117.105567733104266, 36.900585473674795 ], [ -116.993450868581505, 36.817937094666476 ], [ -116.881334004058729, 36.735288715658164 ], [ -116.769217139535996, 36.652640336649853 ], [ -116.657100275013249, 36.569991957641541 ], [ -116.544983410490488, 36.487343578633229 ], [ -116.432866545967755, 36.404695199624918 ], [ -116.32074968144498, 36.322046820616599 ], [ -116.215841679227012, 36.24273803104515 ], [ -116.110933677009001, 36.163429241473708 ], [ -116.006025674791005, 36.084120451902265 ], [ -115.901117672572994, 36.004811662330823 ], [ -115.796209670354997, 35.925502872759381 ], [ -115.691301668136987, 35.846194083187939 ], [ -115.58639366591899, 35.76688529361649 ], [ -115.481485663700994, 35.687576504045062 ], [ -115.376577661483012, 35.608267714473612 ], [ -115.271669659265001, 35.52895892490217 ], [ -115.166761657047005, 35.449650135330721 ], [ -115.061853654829008, 35.370341345759279 ], [ -114.956945652610969, 35.29103255618783 ], [ -114.852037650393001, 35.211723766616387 ], [ -114.74712964817499, 35.132414977044945 ], [ -114.642221645956994, 35.053106187473503 ], [ -114.580855882609995, 35.249424953750498 ], [ -114.630051846152014, 35.4452269557042 ], [ -114.650696580852994, 35.638910223934197 ], [ -114.650179816529999, 35.854271755510602 ], [ -114.739605882611002, 35.991317653948599 ], [ -114.671341315552979, 36.114617621397002 ], [ -114.460734015748002, 36.114617621397009 ], [ -114.269169481242002, 36.043691718076403 ], [ -114.132640347126994, 36.004004218076297 ], [ -114.066494513793003, 36.156423855121098 ], [ -114.023628913207006, 36.189755153949399 ], [ -114.030527716918002, 36.99409882257239 ], [ -114.034222581826995, 41.993121853191404 ], [ -114.221349402709876, 41.993553028423335 ], [ -114.408476223592743, 41.993984203655259 ], [ -114.595603044475624, 41.994415378887183 ], [ -114.782729865358505, 41.994846554119121 ], [ -114.969856686241371, 41.995277729351052 ], [ -115.156983507124238, 41.995708904582983 ], [ -115.344110328007133, 41.996140079814914 ], [ -115.53123714889, 41.996571255046845 ], [ -115.718363969772867, 41.997002430278776 ], [ -115.905490790655733, 41.997433605510707 ], [ -116.092617611538628, 41.997864780742638 ], [ -116.279744432421495, 41.998295955974569 ], [ -116.46687125330439, 41.9987271312065 ], [ -116.653998074187257, 41.999158306438432 ], [ -116.841124895070124, 41.999589481670363 ], [ -117.028251715953019, 42.000020656902301 ], [ -117.028251715953019, 41.997359320639298 ] ] ] } },
{ "type": "Feature", "properties": { "name": "Vermont", "name_alt": "VT", "code_hasc": "US.VT", "statefp": 50, "statefp_nu": 50, "sq_mi": 9541.58, "pers_sq_mi": 65.6, "acs_14_5yr": "0400000US50", "total_pop": 626358, "pop_16up": 517411, "lab_for": 67.2, "employed": 62.9, "unemp_rate": 6.2, "hh_est": 257252, "hh_med_inc": 54447, "hh_mea_inc": 70524 }, "geometry": { "type": "Polygon", "coordinates": [ [ [ -72.5375048489134, 42.830796820642597 ], [ -72.458646613236098, 42.96045298926299 ], [ -72.434307013626594, 43.222917588873401 ], [ -72.403611212845206, 43.285368557298099 ], [ -72.369763149693995, 43.521891587897997 ], [ -72.260209113235206, 43.721388454760792 ], [ -72.178198615188094, 43.808695787117898 ], [ -72.059136115187599, 44.045761420257001 ], [ -72.036372646762999, 44.206630153981507 ], [ -72.003041347934797, 44.304014390635501 ], [ -71.809900682243907, 44.352150987315497 ], [ -71.697711147738261, 44.410093187022696 ], [ -71.585521613232601, 44.468035386729895 ], [ -71.546376715771501, 44.592394721040293 ], [ -71.620454881461896, 44.7357968206503 ], [ -71.5619829983236, 44.871796271334404 ], [ -71.503511115185304, 45.007795722018507 ], [ -71.505087246370294, 45.00831248634141 ], [ -71.735409105095172, 45.008180065483671 ], [ -71.96573096382005, 45.008047644625933 ], [ -72.196052822544928, 45.007915223768194 ], [ -72.426374681269806, 45.007782802910455 ], [ -72.656696539994684, 45.007650382052724 ], [ -72.887018398719562, 45.007517961194985 ], [ -73.117340257444425, 45.007385540337246 ], [ -73.347662116169303, 45.0072531194795 ], [ -73.368281012653796, 44.804603990246903 ], [ -73.407968512653895, 44.676007188488597 ], [ -73.384171515583503, 44.379151923187905 ], [ -73.329136115192696, 44.226732286142997 ], [ -73.429672614216514, 44.019845689462507 ], [ -73.338127814411493, 43.758440456714098 ], [ -73.401638149698201, 43.613436387703103 ], [ -73.383112148721494, 43.575350857103899 ], [ -73.239710049111594, 43.567935289070007 ], [ -73.2608715481351, 43.155712388677749 ], [ -73.282033047158606, 42.743489488285498 ], [ -73.075792405881742, 42.739387671472343 ], [ -72.869551764604893, 42.735285854659196 ], [ -72.663311123328043, 42.731184037846042 ], [ -72.457070482051193, 42.727082221032902 ], [ -72.5375048489134, 42.830796820642597 ] ] ] } },
{ "type": "Feature", "properties": { "name": "Pennsylvania", "name_alt": "Commonwealth of Pennsylvania|PA", "code_hasc": "US.PA", "statefp": 42, "statefp_nu": 42, "sq_mi": 45968.187, "pers_sq_mi": 277.6, "acs_14_5yr": "0400000US42", "total_pop": 12758729, "pop_16up": 10351296, "lab_for": 62.9, "employed": 57.4, "unemp_rate": 8.6, "hh_est": 4957736, "hh_med_inc": 53115, "hh_mea_inc": 72210 }, "geometry": { "type": "Polygon", "coordinates": [ [ [ -80.518929816393296, 39.7208832871016 ], [ -80.258577490952817, 39.720883287101621 ], [ -79.998225165512338, 39.720883287101643 ], [ -79.737872840071873, 39.720883287101671 ], [ -79.477520514631408, 39.720883287101699 ], [ -79.245616065167553, 39.720618445386201 ], [ -79.013711615703698, 39.720353603670695 ], [ -78.781807166239844, 39.720088761955196 ], [ -78.549902716776003, 39.719823920239698 ], [ -78.391411098936857, 39.72061198583215 ], [ -78.232919481097696, 39.721400051424602 ], [ -78.055514289039678, 39.722465877840605 ], [ -77.878109096981646, 39.723531704256601 ], [ -77.700703904923614, 39.724597530672597 ], [ -77.523298712865596, 39.7256633570886 ], [ -77.309519772028167, 39.724468339591887 ], [ -77.095740831190739, 39.723273322095153 ], [ -76.881961890353324, 39.722078304598426 ], [ -76.668182949515895, 39.720883287101707 ], [ -76.448047807506555, 39.72154862116745 ], [ -76.2279126654972, 39.722213955233201 ], [ -76.007777523487846, 39.722879289298952 ], [ -75.787642381478506, 39.723544623364702 ], [ -75.710902879524994, 39.802377020825901 ], [ -75.620960049120995, 39.847361355135895 ], [ -75.4055726793285, 39.795504055331094 ], [ -75.200804816371999, 39.887048855136101 ], [ -75.128819546189405, 39.949499823560799 ], [ -75.010286729619949, 40.015645656894456 ], [ -74.891753913050493, 40.081791490228099 ], [ -74.763182949508206, 40.1907770859316 ], [ -74.920602281377313, 40.320161953282451 ], [ -75.078021613246406, 40.449546820633302 ], [ -75.095488247361104, 40.555380153966901 ], [ -75.203957078741794, 40.586618557287409 ], [ -75.199202846970906, 40.747461452795704 ], [ -75.082259080694499, 40.869702053382298 ], [ -75.135718349900401, 40.999874986325501 ], [ -74.975908983037797, 41.087724921221508 ], [ -74.888588731572597, 41.199643154457711 ], [ -74.801268480107396, 41.311561387693899 ], [ -74.679027879521001, 41.355486355141892 ], [ -74.840439215784599, 41.426386420246303 ], [ -75.010816413051003, 41.4957103541661 ], [ -75.075386115199507, 41.641231187499898 ], [ -75.048927781866198, 41.751301988281597 ], [ -75.167990281866594, 41.841787421224602 ], [ -75.276730414516805, 41.920374355632504 ], [ -75.385470547167003, 41.998961290040398 ], [ -75.555266384570018, 41.99915830643851 ], [ -75.725062221973019, 41.999355322836621 ], [ -75.894858059376034, 41.999552339234739 ], [ -76.064653896779049, 41.999749355632858 ], [ -76.234449734182064, 41.999946372030962 ], [ -76.404245571585079, 42.00014338842908 ], [ -76.57404140898808, 42.000340404827199 ], [ -76.743837246391095, 42.000537421225296 ], [ -76.925938534233637, 42.000472825684945 ], [ -77.108039822076165, 42.000408230144579 ], [ -77.290141109918707, 42.000343634604228 ], [ -77.472242397761249, 42.000279039063862 ], [ -77.654343685603791, 42.00021444352349 ], [ -77.836444973446334, 42.000149847983124 ], [ -78.018546261288861, 42.000085252442759 ], [ -78.200647549131403, 42.0000206569024 ], [ -78.395577511290384, 42.0000206569024 ], [ -78.590507473449378, 42.0000206569024 ], [ -78.785437435608372, 42.0000206569024 ], [ -78.980367397767353, 42.0000206569024 ], [ -79.175297359926333, 42.0000206569024 ], [ -79.370227322085327, 42.0000206569024 ], [ -79.565157284244322, 42.0000206569024 ], [ -79.760087246403302, 42.0000206569024 ], [ -79.760087246403302, 42.500067653974703 ], [ -79.773039613204901, 42.546122298476803 ], [ -80.010243646276408, 42.456161077299654 ], [ -80.2474476793479, 42.366199856122499 ], [ -80.516268480130293, 42.324910386721491 ], [ -80.518929816393296, 40.641111355139103 ], [ -80.518929816393296, 39.7208832871016 ] ] ] } },
{ "type": "Feature", "properties": { "name": "California", "name_alt": "CA|Calif.", "code_hasc": "US.CA", "statefp": 6, "statefp_nu": 6, "sq_mi": 157348.991, "pers_sq_mi": 241.9, "acs_14_5yr": "0400000US06", "total_pop": 38066920, "pop_16up": 29934838, "lab_for": 63.8, "employed": 56.4, "unemp_rate": 11.000000000000002, "hh_est": 12617280, "hh_med_inc": 61489, "hh_mea_inc": 86704 }, "geometry": { "type": "Polygon", "coordinates": [ [ [ -114.74712964817499, 35.132414977044945 ], [ -114.852037650393001, 35.211723766616387 ], [ -114.956945652610969, 35.29103255618783 ], [ -115.061853654829008, 35.370341345759279 ], [ -115.166761657047005, 35.449650135330721 ], [ -115.271669659265001, 35.52895892490217 ], [ -115.376577661483012, 35.608267714473612 ], [ -115.481485663700994, 35.687576504045062 ], [ -115.58639366591899, 35.76688529361649 ], [ -115.691301668136987, 35.846194083187939 ], [ -115.796209670354997, 35.925502872759381 ], [ -115.901117672572994, 36.004811662330823 ], [ -116.006025674791005, 36.084120451902265 ], [ -116.110933677009001, 36.163429241473708 ], [ -116.215841679227012, 36.24273803104515 ], [ -116.32074968144498, 36.322046820616599 ], [ -116.432866545967755, 36.404695199624918 ], [ -116.544983410490488, 36.487343578633229 ], [ -116.657100275013249, 36.569991957641541 ], [ -116.769217139535996, 36.652640336649853 ], [ -116.881334004058729, 36.735288715658164 ], [ -116.993450868581505, 36.817937094666476 ], [ -117.105567733104266, 36.900585473674795 ], [ -117.217684597626999, 36.983233852683092 ], [ -117.329801462149746, 37.065882231691411 ], [ -117.441918326672507, 37.14853061069973 ], [ -117.55403519119524, 37.231178989708027 ], [ -117.666152055718015, 37.313827368716339 ], [ -117.778268920240748, 37.396475747724658 ], [ -117.890385784763509, 37.479124126732977 ], [ -118.002502649286257, 37.561772505741288 ], [ -118.114619513809018, 37.6444208847496 ], [ -118.232457978784879, 37.728856945337498 ], [ -118.350296443760755, 37.813293005925388 ], [ -118.468134908736644, 37.897729066513278 ], [ -118.585973373712505, 37.982165127101162 ], [ -118.703811838688381, 38.066601187689066 ], [ -118.821650303664271, 38.15103724827695 ], [ -118.939488768640132, 38.235473308864854 ], [ -119.057327233616007, 38.319909369452752 ], [ -119.175165698591897, 38.404345430040635 ], [ -119.293004163567758, 38.488781490628533 ], [ -119.410842628543634, 38.57321755121643 ], [ -119.528681093519495, 38.657653611804321 ], [ -119.646519558495385, 38.742089672392211 ], [ -119.76435802347126, 38.826525732980109 ], [ -119.882196488447121, 38.910961793568013 ], [ -120.000034953422997, 38.995397854155897 ], [ -119.998975586561002, 41.992605088868508 ], [ -120.262402659722824, 41.993034649211936 ], [ -120.525829732884631, 41.993464209555363 ], [ -120.789256806046453, 41.99389376989879 ], [ -121.052683879208232, 41.994323330242224 ], [ -121.316110952370053, 41.994752890585659 ], [ -121.579538025531861, 41.995182450929086 ], [ -121.842965098693696, 41.995612011272513 ], [ -122.106392171855518, 41.996041571615947 ], [ -122.369819245017311, 41.996471131959382 ], [ -122.633246318179147, 41.996900692302809 ], [ -122.896673391340954, 41.997330252646236 ], [ -123.160100464502776, 41.997759812989671 ], [ -123.423527537664555, 41.998189373333105 ], [ -123.686954610826376, 41.998618933676539 ], [ -123.950381683988184, 41.999048494019974 ], [ -124.213808757150005, 41.999478054363401 ], [ -124.178875488920994, 41.142243557289603 ], [ -124.233646047596238, 40.934937089596701 ], [ -124.288416606271511, 40.727630621903806 ], [ -124.343187164946755, 40.520324154210897 ], [ -124.397957723622, 40.313017686518002 ], [ -124.264735881173749, 40.176495011956895 ], [ -124.131514038725513, 40.039972337395803 ], [ -123.998292196277262, 39.903449662834703 ], [ -123.865070353828997, 39.766926988273603 ], [ -123.796017721178998, 39.3591999374907 ], [ -123.726965088529013, 38.951472886707798 ], [ -123.630259105048765, 38.846763515776416 ], [ -123.533553121568517, 38.742054144845028 ], [ -123.436847138088268, 38.63734477391364 ], [ -123.34014115460802, 38.532635402982251 ], [ -123.243435171127743, 38.42792603205087 ], [ -123.146729187647495, 38.323216661119474 ], [ -123.05002320416726, 38.218507290188086 ], [ -122.953317220687012, 38.113797919256697 ], [ -122.842988037743751, 38.031251278224424 ], [ -122.732658854800476, 37.948704637192151 ], [ -122.622329671857244, 37.86615799615987 ], [ -122.512000488914012, 37.783611355127604 ], [ -122.547450521467013, 37.551816718082399 ], [ -122.443338659283881, 37.37805471450099 ], [ -122.339226797100764, 37.204292710919574 ], [ -122.235114934917604, 37.030530707338158 ], [ -122.131003072734515, 36.85676870375675 ], [ -122.026891210551383, 36.683006700175341 ], [ -121.922779348368266, 36.509244696593925 ], [ -121.818667486185106, 36.335482693012509 ], [ -121.714555624002017, 36.1617206894311 ], [ -121.593309794737252, 36.036108201637632 ], [ -121.472063965472501, 35.910495713844149 ], [ -121.350818136207749, 35.784883226050674 ], [ -121.229572306942998, 35.659270738257192 ], [ -121.108326477678247, 35.533658250463724 ], [ -120.987080648413482, 35.408045762670248 ], [ -120.865834819148759, 35.282433274876766 ], [ -120.744588989884008, 35.156820787083298 ], [ -120.683727071751989, 34.882716071099161 ], [ -120.622865153620012, 34.608611355114995 ], [ -120.495340637832001, 34.527918606091241 ], [ -120.367816122044005, 34.447225857067494 ], [ -120.135572252037264, 34.42253868737167 ], [ -119.903328382030523, 34.397851517675846 ], [ -119.671084512023754, 34.37316434798003 ], [ -119.438840642016984, 34.348477178284199 ], [ -119.259920321008494, 34.213238589142101 ], [ -119.081, 34.078 ], [ -118.800447411399986, 34.052890788787906 ], [ -118.519894822799998, 34.027781577575794 ], [ -118.410602275898, 33.740909223124497 ], [ -118.177301137948987, 33.681072827162851 ], [ -117.944, 33.621236431201197 ], [ -117.781984422818525, 33.477483477201844 ], [ -117.619968845637004, 33.333730523202497 ], [ -117.457953268455498, 33.189977569203151 ], [ -117.29593769127402, 33.046224615203798 ], [ -117.211833269694509, 32.790775834276403 ], [ -117.127728848114998, 32.535327053349 ], [ -116.843566606495997, 32.554641119918045 ], [ -116.559404364877011, 32.573955186487098 ], [ -116.27524212325801, 32.59326925305615 ], [ -115.991079881638996, 32.612583319625195 ], [ -115.832368646434119, 32.626114154672052 ], [ -115.673657411229243, 32.639644989718896 ], [ -115.514946176024367, 32.653175824765754 ], [ -115.35623494081949, 32.666706659812604 ], [ -115.197523705614614, 32.680237494859455 ], [ -115.038812470409738, 32.693768329906305 ], [ -114.88010123520489, 32.707299164953149 ], [ -114.72139, 32.72083 ], [ -114.589847581829005, 32.716297919235103 ], [ -114.479776781046994, 32.916337388636897 ], [ -114.655993415162996, 33.053900051397903 ], [ -114.691443447715002, 33.203684190395798 ], [ -114.743300747519996, 33.379874986295 ], [ -114.645929429974004, 33.494700018847496 ], [ -114.548558112427997, 33.609525051399999 ], [ -114.508870612427998, 33.838399970020745 ], [ -114.469183112427999, 34.067274888641499 ], [ -114.317577379191505, 34.169930121389342 ], [ -114.165971645954997, 34.272585354137199 ], [ -114.260436164184512, 34.368626003551597 ], [ -114.354900682413998, 34.464666652966002 ], [ -114.484531012817996, 34.653053086886104 ], [ -114.567084113403993, 34.828210354139301 ], [ -114.622119513794999, 34.963680121392493 ], [ -114.642221645956994, 35.053106187473503 ], [ -114.74712964817499, 35.132414977044945 ] ] ] } },
{ "type": "Feature", "properties": { "name": "Iowa", "name_alt": "IA|Iowa", "code_hasc": "US.IA", "statefp": 19, "statefp_nu": 19, "sq_mi": 56091.706, "pers_sq_mi": 54.9, "acs_14_5yr": "0400000US19", "total_pop": 3078116, "pop_16up": 2434242, "lab_for": 67.9, "employed": 64.2, "unemp_rate": 5.4, "hh_est": 1232228, "hh_med_inc": 52716, "hh_mea_inc": 67621 }, "geometry": { "type": "Polygon", "coordinates": [ [ [ -96.5860111152857, 43.501246853197394 ], [ -96.587070482147709, 43.257308254563604 ], [ -96.459533047251298, 43.124499823573501 ], [ -96.483355882537893, 43.0160051539767 ], [ -96.535213182342801, 42.855679022791207 ], [ -96.615647549205107, 42.691632188480604 ], [ -96.4537194486185, 42.580502020837002 ], [ -96.455295579803405, 42.488957221031903 ], [ -96.410311245493304, 42.389480088870002 ], [ -96.346826748422799, 42.224373887697503 ], [ -96.348945482146704, 42.1418207871112 ], [ -96.258188747934099, 42.047627570151199 ], [ -96.167432013721495, 41.953434353191199 ], [ -96.1044642809739, 41.787811387695797 ], [ -96.097048712939994, 41.556559353189598 ], [ -96.025089280973603, 41.524287421223292 ], [ -95.958426683317001, 41.4047081569 ], [ -95.855745612353104, 41.116301988278998 ], [ -95.834067349006602, 40.943806057288697 ], [ -95.862101813525001, 40.764928086910402 ], [ -95.796498582730493, 40.583957221024299 ], [ -95.571996782192471, 40.583828029943575 ], [ -95.347494981654449, 40.583698838862858 ], [ -95.122993181116428, 40.583569647782127 ], [ -94.898491380578406, 40.583440456701403 ], [ -94.674390072390651, 40.583834489497626 ], [ -94.450288764202895, 40.584228522293856 ], [ -94.226187456015154, 40.584622555090078 ], [ -94.002086147827399, 40.585016587886301 ], [ -93.858283555867189, 40.585943533890543 ], [ -93.714480963906993, 40.586870479894777 ], [ -93.570678371946798, 40.587797425899012 ], [ -93.426875779986602, 40.588724371903254 ], [ -93.283073188026407, 40.589651317907496 ], [ -93.139270596066211, 40.590578263911723 ], [ -92.995468004106016, 40.591505209915965 ], [ -92.851665412145806, 40.5924321559202 ], [ -92.578355221308101, 40.597851721756797 ], [ -92.30504503047041, 40.603271287593401 ], [ -92.031734839632705, 40.608690853430005 ], [ -91.758424648795, 40.614110419266602 ], [ -91.662913682811549, 40.53315928808135 ], [ -91.567402716828099, 40.452208156896099 ], [ -91.430330980173906, 40.368595689447901 ], [ -91.410228848012395, 40.551142686518901 ], [ -91.282174648793145, 40.625492153478845 ], [ -91.154120449573895, 40.699841620438796 ], [ -91.087432013701203, 40.851718654944598 ], [ -90.956742316435097, 41.024757188473998 ], [ -90.999065314482095, 41.179812323565699 ], [ -91.123424648792493, 41.257585354165009 ], [ -91.033998582711405, 41.429564520832301 ], [ -90.862277798205497, 41.454175421711355 ], [ -90.690557013699603, 41.478786322590402 ], [ -90.461966315456493, 41.536457221028101 ], [ -90.395277879583801, 41.608416652994499 ], [ -90.3026737129168, 41.721665554362154 ], [ -90.210069546249798, 41.834914455729802 ], [ -90.15663611526, 42.103735256512103 ], [ -90.259808112330703, 42.189983222007299 ], [ -90.416981981146407, 42.270417588869599 ], [ -90.464601813503407, 42.378369655927301 ], [ -90.582604946641894, 42.429167588870207 ], [ -90.640818447618699, 42.505364488284599 ], [ -90.738176846056604, 42.658275051436199 ], [ -90.901435614774698, 42.706179104170801 ], [ -91.064694383492807, 42.754083156905402 ], [ -91.129238247425306, 42.912833156905997 ], [ -91.169985114287499, 43.002233384770911 ], [ -91.173163214873412, 43.212323920253503 ], [ -91.083737148792295, 43.288004055344999 ], [ -91.21391008173552, 43.446754055345608 ], [ -91.228198615264304, 43.501246853197401 ], [ -91.392174394480463, 43.503562603319487 ], [ -91.556150173696608, 43.505878353441581 ], [ -91.720125952912753, 43.50819410356366 ], [ -91.884101732128897, 43.510509853685747 ], [ -92.048077511345042, 43.512825603807826 ], [ -92.212053290561201, 43.51514135392992 ], [ -92.37602906977736, 43.517457104052014 ], [ -92.540004848993519, 43.5197728541741 ], [ -92.722632590490008, 43.518978329027604 ], [ -92.905260331986511, 43.518183803881101 ], [ -93.087888073483015, 43.517389278734598 ], [ -93.270515814979504, 43.516594753588102 ], [ -93.453143556475993, 43.515800228441599 ], [ -93.635771297972497, 43.515005703295103 ], [ -93.818399039469, 43.514211178148599 ], [ -94.001026780965503, 43.513416653002103 ], [ -94.170890443685906, 43.511763007168767 ], [ -94.340754106406308, 43.510109361335431 ], [ -94.510617769126696, 43.508455715502087 ], [ -94.680481431847099, 43.506802069668751 ], [ -94.850345094567501, 43.505148423835408 ], [ -95.02020875728789, 43.503494778002086 ], [ -95.190072420008292, 43.501841132168742 ], [ -95.359936082728694, 43.500187486335399 ], [ -95.633117082485654, 43.500587978685672 ], [ -95.9062980822426, 43.500988471035953 ], [ -96.179479081999546, 43.501388963386219 ], [ -96.452660081756505, 43.501789455736507 ], [ -96.5860111152857, 43.501246853197394 ] ] ] } },
{ "type": "Feature", "properties": { "name": "Nebraska", "name_alt": "NE|Nebr.", "code_hasc": "US.NE", "statefp": 31, "statefp_nu": 31, "sq_mi": 77272.502, "pers_sq_mi": 24.0, "acs_14_5yr": "0400000US31", "total_pop": 1855617, "pop_16up": 1442692, "lab_for": 70.5, "employed": 66.4, "unemp_rate": 5.4, "hh_est": 731347, "hh_med_inc": 52400, "hh_mea_inc": 68081 }, "geometry": { "type": "Polygon", "coordinates": [ [ [ -101.859542584016282, 40.000814520826601 ], [ -101.668911455068582, 40.000814520826601 ], [ -101.478280326120881, 40.000814520826601 ], [ -101.287649197173153, 40.000814520826601 ], [ -101.097018068225438, 40.000814520826601 ], [ -100.906386939277724, 40.000814520826594 ], [ -100.715755810330009, 40.000814520826601 ], [ -100.525124681382295, 40.000814520826601 ], [ -100.33449355243458, 40.000814520826601 ], [ -100.143862423486866, 40.000814520826601 ], [ -99.953231294539165, 40.000814520826601 ], [ -99.762600165591451, 40.000814520826601 ], [ -99.571969036643736, 40.000814520826601 ], [ -99.381337907696036, 40.000814520826601 ], [ -99.190706778748321, 40.000814520826601 ], [ -99.000075649800607, 40.000814520826601 ], [ -98.856306970499091, 40.000848433485295 ], [ -98.712538291197575, 40.000882346143989 ], [ -98.568769611896045, 40.000916258802683 ], [ -98.425000932594529, 40.000950171461376 ], [ -98.281232253293012, 40.00098408412007 ], [ -98.137463573991482, 40.001017996778771 ], [ -97.993694894689966, 40.001051909437457 ], [ -97.84992621538845, 40.001085822096151 ], [ -97.706157536086934, 40.001119734754845 ], [ -97.562388856785418, 40.001153647413538 ], [ -97.418620177483888, 40.001187560072225 ], [ -97.274851498182386, 40.001221472730926 ], [ -97.131082818880856, 40.001255385389619 ], [ -96.987314139579325, 40.00128929804832 ], [ -96.843545460277824, 40.001323210707007 ], [ -96.699776780976293, 40.0013571233657 ], [ -96.527665193451185, 40.0013571233657 ], [ -96.355553605926076, 40.0013571233657 ], [ -96.183442018400967, 40.0013571233657 ], [ -96.011330430875844, 40.0013571233657 ], [ -95.839218843350721, 40.0013571233657 ], [ -95.667107255825613, 40.0013571233657 ], [ -95.494995668300504, 40.0013571233657 ], [ -95.322884080775395, 40.0013571233657 ], [ -95.452540249395796, 40.215142523757201 ], [ -95.608112148810406, 40.343170884760298 ], [ -95.776370612352807, 40.501404120438004 ], [ -95.796498582730493, 40.583957221024299 ], [ -95.862101813525001, 40.764928086910402 ], [ -95.834067349006602, 40.943806057288697 ], [ -95.855745612353104, 41.116301988278998 ], [ -95.958426683317001, 41.4047081569 ], [ -96.025089280973603, 41.524287421223292 ], [ -96.097048712939994, 41.556559353189598 ], [ -96.1044642809739, 41.787811387695797 ], [ -96.167432013721495, 41.953434353191199 ], [ -96.258188747934099, 42.047627570151199 ], [ -96.348945482146704, 42.1418207871112 ], [ -96.346826748422799, 42.224373887697503 ], [ -96.410311245493304, 42.389480088870002 ], [ -96.455295579803405, 42.488957221031903 ], [ -96.62303727902281, 42.502728990237692 ], [ -96.708768480195005, 42.55086558691761 ], [ -96.754269578828001, 42.633961290042897 ], [ -96.891328396374149, 42.675754604658941 ], [ -97.028387213920297, 42.717547919274999 ], [ -97.157772081271048, 42.781846320154145 ], [ -97.287156948621799, 42.846144721033298 ], [ -97.465750698622543, 42.841119187992945 ], [ -97.644344448623301, 42.836093654952599 ], [ -97.881926846085193, 42.839788519861401 ], [ -97.968200649796401, 42.79428742122839 ], [ -98.152078314998974, 42.833974921228602 ], [ -98.335955980201504, 42.873662421228801 ], [ -98.465069546282749, 42.936901455245959 ], [ -98.594183112363993, 43.000140489263103 ], [ -98.764757326028402, 43.000140489263103 ], [ -98.935331539692811, 43.000140489263103 ], [ -99.105905753357206, 43.000140489263103 ], [ -99.276479967021615, 43.000140489263103 ], [ -99.447054180686024, 43.000140489263103 ], [ -99.617628394350419, 43.000140489263096 ], [ -99.788202608014842, 43.000140489263103 ], [ -99.958776821679237, 43.000140489263103 ], [ -100.129351035343646, 43.000140489263103 ], [ -100.299925249008055, 43.000140489263103 ], [ -100.470499462672464, 43.000140489263103 ], [ -100.641073676336873, 43.000140489263103 ], [ -100.811647890001282, 43.000140489263096 ], [ -100.982222103665691, 43.000140489263096 ], [ -101.152796317330086, 43.000140489263103 ], [ -101.323370530994495, 43.000140489263103 ], [ -101.493944744658904, 43.000140489263103 ], [ -101.664518958323299, 43.000140489263096 ], [ -101.835093171987708, 43.000140489263103 ], [ -102.005667385652117, 43.000140489263103 ], [ -102.176241599316526, 43.000140489263103 ], [ -102.346815812980935, 43.000140489263103 ], [ -102.517390026645344, 43.000140489263103 ], [ -102.687964240309753, 43.000140489263103 ], [ -102.858538453974163, 43.000140489263103 ], [ -103.029112667638572, 43.000140489263103 ], [ -103.199686881302966, 43.000140489263103 ], [ -103.370261094967375, 43.000140489263103 ], [ -103.540835308631785, 43.000140489263096 ], [ -103.711409522296179, 43.000140489263103 ], [ -103.881983735960588, 43.000140489263096 ], [ -104.052557949625012, 43.000140489263103 ], [ -104.045142381592001, 41.004112453773402 ], [ -103.795506456298014, 41.004112453773402 ], [ -103.545870531003999, 41.004112453773402 ], [ -103.296234605710012, 41.004112453773402 ], [ -103.046598680415997, 41.004112453773409 ], [ -102.796962755121996, 41.004112453773409 ], [ -102.547326829827995, 41.004112453773402 ], [ -102.297690904533994, 41.004112453773402 ], [ -102.048054979240007, 41.004112453773402 ], [ -102.050173712963996, 40.033086452792901 ], [ -102.050173712963996, 40.000814520826601 ], [ -101.859542584016282, 40.000814520826601 ] ] ] } },
{ "type": "Feature", "properties": { "name": "Alabama", "name_alt": "AL|Ala.", "code_hasc": "US.AL", "statefp": 1, "statefp_nu": 1, "sq_mi": 51886.692, "pers_sq_mi": 92.8, "acs_14_5yr": "0400000US01", "total_pop": 4817678, "pop_16up": 3828799, "lab_for": 58.8, "employed": 52.5, "unemp_rate": 10.2, "hh_est": 1842174, "hh_med_inc": 43511, "hh_mea_inc": 60205 }, "geometry": { "type": "Polygon", "coordinates": [ [ [ -88.095521613298601, 34.805989488253793 ], [ -88.139976264177676, 34.482004095999898 ], [ -88.184430915056751, 34.158018703745995 ], [ -88.228885565935826, 33.834033311492092 ], [ -88.273340216814901, 33.510047919238204 ], [ -88.317387915789709, 33.110530961635675 ], [ -88.361435614764503, 32.711014004033146 ], [ -88.405483313739296, 32.311497046430624 ], [ -88.449531012714104, 31.911980088828102 ], [ -88.4336663480005, 31.148396206175292 ], [ -88.417801683286896, 30.3848123235225 ], [ -88.195948299903847, 30.357158972692332 ], [ -87.974094916520798, 30.32950562186215 ], [ -87.752241533137749, 30.301852271031979 ], [ -87.5303881497547, 30.274198920201805 ], [ -87.457886115249195, 30.411270656856004 ], [ -87.404969448582307, 30.608648789994799 ], [ -87.519006415542407, 30.73008840588075 ], [ -87.633043382502507, 30.851528021766701 ], [ -87.6171528795727, 30.927724921181003 ], [ -87.331408047214808, 30.956301988238394 ], [ -87.045663214856901, 30.984879055295792 ], [ -86.790604493949303, 30.985605755124901 ], [ -86.53554577304169, 30.986332454953995 ], [ -86.280487052134092, 30.987059154783097 ], [ -86.025428331226493, 30.987785854612202 ], [ -85.770369610318895, 30.988512554441304 ], [ -85.515310889411296, 30.989239254270405 ], [ -85.260252168503698, 30.989965954099507 ], [ -85.005193447596113, 30.990692653928601 ], [ -85.054415249354193, 31.108695787067102 ], [ -85.117899746424698, 31.236233221963399 ], [ -85.090382046229294, 31.400280056274102 ], [ -85.065525682296894, 31.577013454712201 ], [ -85.119501715825805, 31.765399888632196 ], [ -85.0639237128958, 32.083416652956402 ], [ -84.898843349939497, 32.259116522748805 ], [ -84.986150682296596, 32.437968654911003 ], [ -85.05785173210154, 32.59434153902621 ], [ -85.129552781906497, 32.750714423141403 ], [ -85.188554348475748, 32.999155330938628 ], [ -85.247555915044998, 33.247596238735859 ], [ -85.306557481614263, 33.496037146533084 ], [ -85.365559048183499, 33.744478054330301 ], [ -85.430516323574409, 34.054833787567205 ], [ -85.495473598965305, 34.365189520804101 ], [ -85.5604308743562, 34.675545254040998 ], [ -85.625388149747096, 34.985900987277894 ], [ -85.785924216438815, 34.987554633111237 ], [ -85.94646028313052, 34.989208278944574 ], [ -86.106996349822225, 34.99086192477791 ], [ -86.267532416513944, 34.992515570611246 ], [ -86.428068483205664, 34.994169216444583 ], [ -86.588604549897369, 34.995822862277919 ], [ -86.749140616589074, 34.997476508111269 ], [ -86.909676683280793, 34.999130153944598 ], [ -87.066837632988452, 34.999197979261986 ], [ -87.223998582696112, 34.99926580457938 ], [ -87.381159532403785, 34.999333629896768 ], [ -87.538320482111445, 34.999401455214141 ], [ -87.695481431819104, 34.999469280531535 ], [ -87.852642381526778, 34.99953710584893 ], [ -88.009803331234437, 34.99960493116631 ], [ -88.166964280942096, 34.999672756483697 ], [ -88.095521613298601, 34.805989488253793 ] ] ] } },
{ "type": "Feature", "properties": { "name": "Arizona", "name_alt": "AZ|Ariz.", "code_hasc": "US.AZ", "statefp": 4, "statefp_nu": 4, "sq_mi": 113634.699, "pers_sq_mi": 57.7, "acs_14_5yr": "0400000US04", "total_pop": 6561516, "pop_16up": 5121781, "lab_for": 60.1, "employed": 53.8, "unemp_rate": 9.9, "hh_est": 2387246, "hh_med_inc": 49928, "hh_mea_inc": 67557 }, "geometry": { "type": "Polygon", "coordinates": [ [ [ -109.226599367086379, 37.000839367209437 ], [ -109.407973955099749, 37.001766313213686 ], [ -109.589348543113118, 37.002693259217921 ], [ -109.770723131126488, 37.003620205222148 ], [ -109.952097719139871, 37.00454715122639 ], [ -110.133472307153241, 37.005474097230625 ], [ -110.314846895166625, 37.006401043234852 ], [ -110.496221483179994, 37.007327989239108 ], [ -110.736394161810495, 37.007589601177585 ], [ -110.976566840440995, 37.007851213116076 ], [ -111.216739519071496, 37.008112825054567 ], [ -111.456912197701996, 37.008374436993044 ], [ -111.697084876332497, 37.008636048931535 ], [ -111.937257554963011, 37.008897660870026 ], [ -112.177430233593498, 37.009159272808517 ], [ -112.417602912223998, 37.009420884747001 ], [ -112.619218512810747, 37.007505626975174 ], [ -112.820834113397495, 37.005590369203347 ], [ -113.022449713984244, 37.003675111431519 ], [ -113.224065314570993, 37.001759853659699 ], [ -113.425680915157741, 36.999844595887879 ], [ -113.62729651574449, 36.997929338116052 ], [ -113.828912116331253, 36.996014080344224 ], [ -114.030527716918002, 36.99409882257239 ], [ -114.023628913207006, 36.189755153949399 ], [ -114.066494513793003, 36.156423855121098 ], [ -114.132640347126994, 36.004004218076297 ], [ -114.269169481242002, 36.043691718076403 ], [ -114.460734015748002, 36.114617621397009 ], [ -114.671341315552979, 36.114617621397002 ], [ -114.739605882611002, 35.991317653948599 ], [ -114.650179816529999, 35.854271755510602 ], [ -114.650696580852994, 35.638910223934197 ], [ -114.630051846152014, 35.4452269557042 ], [ -114.580855882609995, 35.249424953750498 ], [ -114.642221645956994, 35.053106187473503 ], [ -114.622119513794999, 34.963680121392493 ], [ -114.567084113403993, 34.828210354139301 ], [ -114.484531012817996, 34.653053086886104 ], [ -114.354900682413998, 34.464666652966002 ], [ -114.260436164184512, 34.368626003551597 ], [ -114.165971645954997, 34.272585354137199 ], [ -114.317577379191505, 34.169930121389342 ], [ -114.469183112427999, 34.067274888641499 ], [ -114.508870612427998, 33.838399970020745 ], [ -114.548558112427997, 33.609525051399999 ], [ -114.645929429974004, 33.494700018847496 ], [ -114.743300747519996, 33.379874986295 ], [ -114.691443447715002, 33.203684190395798 ], [ -114.655993415162996, 33.053900051397903 ], [ -114.479776781046994, 32.916337388636897 ], [ -114.589847581829005, 32.716297919235103 ], [ -114.72139, 32.72083 ], [ -114.814743415163008, 32.525275987268095 ], [ -114.626027543987121, 32.464488354007777 ], [ -114.437311672811234, 32.403700720747452 ], [ -114.248595801635361, 32.342913087487126 ], [ -114.059879930459488, 32.282125454226801 ], [ -113.871164059283615, 32.221337820966468 ], [ -113.682448188107756, 32.16055018770615 ], [ -113.493732316931869, 32.099762554445824 ], [ -113.305016445755996, 32.038974921185499 ], [ -113.162439554174242, 31.994954675315359 ], [ -113.019862662592487, 31.95093442944523 ], [ -112.877285771010747, 31.906914183575093 ], [ -112.734708879428993, 31.862893937704953 ], [ -112.592131987847239, 31.818873691834803 ], [ -112.449555096265499, 31.774853445964673 ], [ -112.306978204683759, 31.730833200094544 ], [ -112.16440131310199, 31.686812954224401 ], [ -112.02182442152025, 31.642792708354264 ], [ -111.879247529938496, 31.598772462484124 ], [ -111.736670638356742, 31.554752216613988 ], [ -111.594093746775016, 31.510731970743844 ], [ -111.451516855193248, 31.466711724873708 ], [ -111.308939963611493, 31.422691479003571 ], [ -111.166363072029753, 31.378671233133439 ], [ -111.023786180447999, 31.334650987263302 ], [ -110.776272009169148, 31.335557006019801 ], [ -110.528757837890254, 31.336463024776329 ], [ -110.281243666611374, 31.337369043532838 ], [ -110.033729495332494, 31.338275062289345 ], [ -109.786215324053614, 31.339181081045854 ], [ -109.538701152774749, 31.340087099802375 ], [ -109.291186981495883, 31.340993118558888 ], [ -109.043672810217004, 31.341899137315405 ], [ -109.045224779072996, 36.999912421205195 ], [ -109.226599367086379, 37.000839367209437 ] ] ] } }
]
}
